--
-- PostgreSQL database dump
--

-- Dumped from database version 9.4.6
-- Dumped by pg_dump version 9.4.6
-- Started on 2016-07-05 16:21:14

SET statement_timeout = 0;
SET lock_timeout = 0;
SET client_encoding = 'UTF8';
SET standard_conforming_strings = on;
SET check_function_bodies = false;
SET client_min_messages = warning;

--
-- TOC entry 15 (class 2615 OID 16394)
-- Name: tiger; Type: SCHEMA; Schema: -; Owner: postgres
--

CREATE SCHEMA tiger;


ALTER SCHEMA tiger OWNER TO postgres;

--
-- TOC entry 6 (class 3079 OID 16395)
-- Name: fuzzystrmatch; Type: EXTENSION; Schema: -; Owner: 
--

CREATE EXTENSION IF NOT EXISTS fuzzystrmatch WITH SCHEMA public;


--
-- TOC entry 4238 (class 0 OID 0)
-- Dependencies: 6
-- Name: EXTENSION fuzzystrmatch; Type: COMMENT; Schema: -; Owner: 
--

COMMENT ON EXTENSION fuzzystrmatch IS 'determine similarities and distance between strings';


--
-- TOC entry 5 (class 3079 OID 16406)
-- Name: postgis; Type: EXTENSION; Schema: -; Owner: 
--

CREATE EXTENSION IF NOT EXISTS postgis WITH SCHEMA public;


--
-- TOC entry 4239 (class 0 OID 0)
-- Dependencies: 5
-- Name: EXTENSION postgis; Type: COMMENT; Schema: -; Owner: 
--

COMMENT ON EXTENSION postgis IS 'PostGIS geometry, geography, and raster spatial types and functions';


--
-- TOC entry 7 (class 3079 OID 17771)
-- Name: postgis_tiger_geocoder; Type: EXTENSION; Schema: -; Owner: 
--

CREATE EXTENSION IF NOT EXISTS postgis_tiger_geocoder WITH SCHEMA tiger;


--
-- TOC entry 4240 (class 0 OID 0)
-- Dependencies: 7
-- Name: EXTENSION postgis_tiger_geocoder; Type: COMMENT; Schema: -; Owner: 
--

COMMENT ON EXTENSION postgis_tiger_geocoder IS 'PostGIS tiger geocoder and reverse geocoder';


--
-- TOC entry 17 (class 2615 OID 18199)
-- Name: topology; Type: SCHEMA; Schema: -; Owner: postgres
--

CREATE SCHEMA topology;


ALTER SCHEMA topology OWNER TO postgres;

--
-- TOC entry 2 (class 3079 OID 11855)
-- Name: plpgsql; Type: EXTENSION; Schema: -; Owner: 
--

CREATE EXTENSION IF NOT EXISTS plpgsql WITH SCHEMA pg_catalog;


--
-- TOC entry 4241 (class 0 OID 0)
-- Dependencies: 2
-- Name: EXTENSION plpgsql; Type: COMMENT; Schema: -; Owner: 
--

COMMENT ON EXTENSION plpgsql IS 'PL/pgSQL procedural language';


--
-- TOC entry 4 (class 3079 OID 18200)
-- Name: address_standardizer; Type: EXTENSION; Schema: -; Owner: 
--

CREATE EXTENSION IF NOT EXISTS address_standardizer WITH SCHEMA public;


--
-- TOC entry 4242 (class 0 OID 0)
-- Dependencies: 4
-- Name: EXTENSION address_standardizer; Type: COMMENT; Schema: -; Owner: 
--

COMMENT ON EXTENSION address_standardizer IS 'Used to parse an address into constituent elements. Generally used to support geocoding address normalization step.';


--
-- TOC entry 1 (class 3079 OID 18207)
-- Name: adminpack; Type: EXTENSION; Schema: -; Owner: 
--

CREATE EXTENSION IF NOT EXISTS adminpack WITH SCHEMA pg_catalog;


--
-- TOC entry 4243 (class 0 OID 0)
-- Dependencies: 1
-- Name: EXTENSION adminpack; Type: COMMENT; Schema: -; Owner: 
--

COMMENT ON EXTENSION adminpack IS 'administrative functions for PostgreSQL';


--
-- TOC entry 3 (class 3079 OID 18216)
-- Name: pgrouting; Type: EXTENSION; Schema: -; Owner: 
--

CREATE EXTENSION IF NOT EXISTS pgrouting WITH SCHEMA public;


--
-- TOC entry 4244 (class 0 OID 0)
-- Dependencies: 3
-- Name: EXTENSION pgrouting; Type: COMMENT; Schema: -; Owner: 
--

COMMENT ON EXTENSION pgrouting IS 'pgRouting Extension';


--
-- TOC entry 8 (class 3079 OID 18313)
-- Name: postgis_topology; Type: EXTENSION; Schema: -; Owner: 
--

CREATE EXTENSION IF NOT EXISTS postgis_topology WITH SCHEMA topology;


--
-- TOC entry 4245 (class 0 OID 0)
-- Dependencies: 8
-- Name: EXTENSION postgis_topology; Type: COMMENT; Schema: -; Owner: 
--

COMMENT ON EXTENSION postgis_topology IS 'PostGIS topology spatial types and functions';


SET search_path = public, pg_catalog;

SET default_tablespace = '';

SET default_with_oids = false;

--
-- TOC entry 316 (class 1259 OID 19707)
-- Name: enddevice; Type: TABLE; Schema: public; Owner: postgres; Tablespace: 
--

CREATE TABLE enddevice (
    humidity bigint,
    itemp bigint,
    wtemp bigint,
    soil integer,
    id integer NOT NULL
);


ALTER TABLE enddevice OWNER TO postgres;

--
-- TOC entry 317 (class 1259 OID 19713)
-- Name: EndDevice_id_seq; Type: SEQUENCE; Schema: public; Owner: postgres
--

CREATE SEQUENCE "EndDevice_id_seq"
    START WITH 1
    INCREMENT BY 1
    NO MINVALUE
    NO MAXVALUE
    CACHE 1;


ALTER TABLE "EndDevice_id_seq" OWNER TO postgres;

--
-- TOC entry 4246 (class 0 OID 0)
-- Dependencies: 317
-- Name: EndDevice_id_seq; Type: SEQUENCE OWNED BY; Schema: public; Owner: postgres
--

ALTER SEQUENCE "EndDevice_id_seq" OWNED BY enddevice.id;


--
-- TOC entry 258 (class 1259 OID 18452)
-- Name: blobvalue; Type: TABLE; Schema: public; Owner: postgres; Tablespace: 
--

CREATE TABLE blobvalue (
    observationid bigint NOT NULL,
    value oid
);


ALTER TABLE blobvalue OWNER TO postgres;

--
-- TOC entry 259 (class 1259 OID 18455)
-- Name: booleanvalue; Type: TABLE; Schema: public; Owner: postgres; Tablespace: 
--

CREATE TABLE booleanvalue (
    observationid bigint NOT NULL,
    value character(1),
    CONSTRAINT booleanvalue_value_check CHECK ((value = ANY (ARRAY['T'::bpchar, 'F'::bpchar])))
);


ALTER TABLE booleanvalue OWNER TO postgres;

--
-- TOC entry 260 (class 1259 OID 18459)
-- Name: categoryvalue; Type: TABLE; Schema: public; Owner: postgres; Tablespace: 
--

CREATE TABLE categoryvalue (
    observationid bigint NOT NULL,
    value character varying(255)
);


ALTER TABLE categoryvalue OWNER TO postgres;

--
-- TOC entry 261 (class 1259 OID 18462)
-- Name: codespace; Type: TABLE; Schema: public; Owner: postgres; Tablespace: 
--

CREATE TABLE codespace (
    codespaceid bigint NOT NULL,
    codespace character varying(255) NOT NULL
);


ALTER TABLE codespace OWNER TO postgres;

--
-- TOC entry 262 (class 1259 OID 18465)
-- Name: codespaceid_seq; Type: SEQUENCE; Schema: public; Owner: postgres
--

CREATE SEQUENCE codespaceid_seq
    START WITH 1
    INCREMENT BY 1
    NO MINVALUE
    NO MAXVALUE
    CACHE 1;


ALTER TABLE codespaceid_seq OWNER TO postgres;

--
-- TOC entry 263 (class 1259 OID 18467)
-- Name: compositephenomenon; Type: TABLE; Schema: public; Owner: postgres; Tablespace: 
--

CREATE TABLE compositephenomenon (
    parentobservablepropertyid bigint NOT NULL,
    childobservablepropertyid bigint NOT NULL
);


ALTER TABLE compositephenomenon OWNER TO postgres;

--
-- TOC entry 264 (class 1259 OID 18470)
-- Name: countvalue; Type: TABLE; Schema: public; Owner: postgres; Tablespace: 
--

CREATE TABLE countvalue (
    observationid bigint NOT NULL,
    value integer
);


ALTER TABLE countvalue OWNER TO postgres;

--
-- TOC entry 265 (class 1259 OID 18473)
-- Name: featureofinterest; Type: TABLE; Schema: public; Owner: postgres; Tablespace: 
--

CREATE TABLE featureofinterest (
    hibernatediscriminator character(1) NOT NULL,
    featureofinteresttypeid bigint NOT NULL,
    identifier character varying(255),
    codespaceid bigint,
    name text,
    geom geometry,
    descriptionxml text,
    url character varying(255),
    featureofinterestid integer NOT NULL,
    userid integer,
    parentid integer
);


ALTER TABLE featureofinterest OWNER TO postgres;

--
-- TOC entry 318 (class 1259 OID 27897)
-- Name: featureofinterest_featureofinterestid_seq; Type: SEQUENCE; Schema: public; Owner: postgres
--

CREATE SEQUENCE featureofinterest_featureofinterestid_seq
    START WITH 1
    INCREMENT BY 1
    NO MINVALUE
    NO MAXVALUE
    CACHE 1;


ALTER TABLE featureofinterest_featureofinterestid_seq OWNER TO postgres;

--
-- TOC entry 4247 (class 0 OID 0)
-- Dependencies: 318
-- Name: featureofinterest_featureofinterestid_seq; Type: SEQUENCE OWNED BY; Schema: public; Owner: postgres
--

ALTER SEQUENCE featureofinterest_featureofinterestid_seq OWNED BY featureofinterest.featureofinterestid;


--
-- TOC entry 266 (class 1259 OID 18479)
-- Name: featureofinterestid_seq; Type: SEQUENCE; Schema: public; Owner: postgres
--

CREATE SEQUENCE featureofinterestid_seq
    START WITH 1
    INCREMENT BY 1
    NO MINVALUE
    NO MAXVALUE
    CACHE 1;


ALTER TABLE featureofinterestid_seq OWNER TO postgres;

--
-- TOC entry 267 (class 1259 OID 18481)
-- Name: featureofinteresttype; Type: TABLE; Schema: public; Owner: postgres; Tablespace: 
--

CREATE TABLE featureofinteresttype (
    featureofinteresttypeid bigint NOT NULL,
    featureofinteresttype character varying(255) NOT NULL
);


ALTER TABLE featureofinteresttype OWNER TO postgres;

--
-- TOC entry 268 (class 1259 OID 18484)
-- Name: featureofinteresttypeid_seq; Type: SEQUENCE; Schema: public; Owner: postgres
--

CREATE SEQUENCE featureofinteresttypeid_seq
    START WITH 1
    INCREMENT BY 1
    NO MINVALUE
    NO MAXVALUE
    CACHE 1;


ALTER TABLE featureofinteresttypeid_seq OWNER TO postgres;

--
-- TOC entry 269 (class 1259 OID 18486)
-- Name: featurerelation; Type: TABLE; Schema: public; Owner: postgres; Tablespace: 
--

CREATE TABLE featurerelation (
    parentfeatureid bigint NOT NULL,
    childfeatureid bigint NOT NULL
);


ALTER TABLE featurerelation OWNER TO postgres;

--
-- TOC entry 270 (class 1259 OID 18489)
-- Name: geometryvalue; Type: TABLE; Schema: public; Owner: postgres; Tablespace: 
--

CREATE TABLE geometryvalue (
    observationid bigint NOT NULL,
    value geometry
);


ALTER TABLE geometryvalue OWNER TO postgres;

--
-- TOC entry 319 (class 1259 OID 36089)
-- Name: hasfeatures; Type: TABLE; Schema: public; Owner: postgres; Tablespace: 
--

CREATE TABLE hasfeatures (
    user_id integer NOT NULL,
    featureofinterestid integer NOT NULL
);


ALTER TABLE hasfeatures OWNER TO postgres;

--
-- TOC entry 271 (class 1259 OID 18495)
-- Name: numericvalue; Type: TABLE; Schema: public; Owner: postgres; Tablespace: 
--

CREATE TABLE numericvalue (
    observationid bigint NOT NULL,
    value numeric(19,2)
);


ALTER TABLE numericvalue OWNER TO postgres;

--
-- TOC entry 272 (class 1259 OID 18498)
-- Name: observableproperty; Type: TABLE; Schema: public; Owner: postgres; Tablespace: 
--

CREATE TABLE observableproperty (
    observablepropertyid bigint NOT NULL,
    hibernatediscriminator character(1) NOT NULL,
    identifier character varying(255) NOT NULL,
    description character varying(255)
);


ALTER TABLE observableproperty OWNER TO postgres;

--
-- TOC entry 273 (class 1259 OID 18504)
-- Name: observablepropertyid_seq; Type: SEQUENCE; Schema: public; Owner: postgres
--

CREATE SEQUENCE observablepropertyid_seq
    START WITH 21
    INCREMENT BY 1
    NO MINVALUE
    NO MAXVALUE
    CACHE 1;


ALTER TABLE observablepropertyid_seq OWNER TO postgres;

--
-- TOC entry 274 (class 1259 OID 18506)
-- Name: observationid_seq; Type: SEQUENCE; Schema: public; Owner: postgres
--

CREATE SEQUENCE observationid_seq
    START WITH 1
    INCREMENT BY 1
    NO MINVALUE
    NO MAXVALUE
    CACHE 1;


ALTER TABLE observationid_seq OWNER TO postgres;

--
-- TOC entry 275 (class 1259 OID 18508)
-- Name: observation; Type: TABLE; Schema: public; Owner: postgres; Tablespace: 
--

CREATE TABLE observation (
    observationid bigint DEFAULT nextval('observationid_seq'::regclass) NOT NULL,
    seriesid bigint NOT NULL,
    phenomenontimestart timestamp without time zone NOT NULL,
    phenomenontimeend timestamp without time zone NOT NULL,
    resulttime timestamp without time zone NOT NULL,
    validtimestart timestamp without time zone,
    validtimeend timestamp without time zone,
    deleted character(1) DEFAULT 'F'::bpchar NOT NULL,
    identifier character varying(255),
    codespaceid bigint,
    description character varying(255),
    unitid bigint,
    CONSTRAINT observation_deleted_check CHECK ((deleted = ANY (ARRAY['T'::bpchar, 'F'::bpchar])))
);


ALTER TABLE observation OWNER TO postgres;

--
-- TOC entry 276 (class 1259 OID 18517)
-- Name: observationconstellation; Type: TABLE; Schema: public; Owner: postgres; Tablespace: 
--

CREATE TABLE observationconstellation (
    observationconstellationid bigint NOT NULL,
    observablepropertyid bigint NOT NULL,
    procedureid bigint NOT NULL,
    observationtypeid bigint,
    offeringid bigint NOT NULL,
    deleted character(1) DEFAULT 'F'::bpchar NOT NULL,
    hiddenchild character(1) DEFAULT 'F'::bpchar NOT NULL,
    CONSTRAINT observationconstellation_deleted_check CHECK ((deleted = ANY (ARRAY['T'::bpchar, 'F'::bpchar]))),
    CONSTRAINT observationconstellation_hiddenchild_check CHECK ((hiddenchild = ANY (ARRAY['T'::bpchar, 'F'::bpchar])))
);


ALTER TABLE observationconstellation OWNER TO postgres;

--
-- TOC entry 277 (class 1259 OID 18524)
-- Name: observationconstellationid_seq; Type: SEQUENCE; Schema: public; Owner: postgres
--

CREATE SEQUENCE observationconstellationid_seq
    START WITH 1
    INCREMENT BY 1
    NO MINVALUE
    NO MAXVALUE
    CACHE 1;


ALTER TABLE observationconstellationid_seq OWNER TO postgres;

--
-- TOC entry 278 (class 1259 OID 18526)
-- Name: observationhasoffering; Type: TABLE; Schema: public; Owner: postgres; Tablespace: 
--

CREATE TABLE observationhasoffering (
    observationid bigint NOT NULL,
    offeringid bigint NOT NULL
);


ALTER TABLE observationhasoffering OWNER TO postgres;

--
-- TOC entry 279 (class 1259 OID 18529)
-- Name: observationtype; Type: TABLE; Schema: public; Owner: postgres; Tablespace: 
--

CREATE TABLE observationtype (
    observationtypeid bigint NOT NULL,
    observationtype character varying(255) NOT NULL
);


ALTER TABLE observationtype OWNER TO postgres;

--
-- TOC entry 280 (class 1259 OID 18532)
-- Name: observationtypeid_seq; Type: SEQUENCE; Schema: public; Owner: postgres
--

CREATE SEQUENCE observationtypeid_seq
    START WITH 1
    INCREMENT BY 1
    NO MINVALUE
    NO MAXVALUE
    CACHE 1;


ALTER TABLE observationtypeid_seq OWNER TO postgres;

--
-- TOC entry 281 (class 1259 OID 18534)
-- Name: offering; Type: TABLE; Schema: public; Owner: postgres; Tablespace: 
--

CREATE TABLE offering (
    offeringid bigint NOT NULL,
    hibernatediscriminator character(1) NOT NULL,
    identifier character varying(255) NOT NULL,
    name character varying(255)
);


ALTER TABLE offering OWNER TO postgres;

--
-- TOC entry 282 (class 1259 OID 18540)
-- Name: offeringallowedfeaturetype; Type: TABLE; Schema: public; Owner: postgres; Tablespace: 
--

CREATE TABLE offeringallowedfeaturetype (
    offeringid bigint NOT NULL,
    featureofinteresttypeid bigint NOT NULL
);


ALTER TABLE offeringallowedfeaturetype OWNER TO postgres;

--
-- TOC entry 283 (class 1259 OID 18543)
-- Name: offeringallowedobservationtype; Type: TABLE; Schema: public; Owner: postgres; Tablespace: 
--

CREATE TABLE offeringallowedobservationtype (
    offeringid bigint NOT NULL,
    observationtypeid bigint NOT NULL
);


ALTER TABLE offeringallowedobservationtype OWNER TO postgres;

--
-- TOC entry 284 (class 1259 OID 18546)
-- Name: offeringhasrelatedfeature; Type: TABLE; Schema: public; Owner: postgres; Tablespace: 
--

CREATE TABLE offeringhasrelatedfeature (
    relatedfeatureid bigint NOT NULL,
    offeringid bigint NOT NULL
);


ALTER TABLE offeringhasrelatedfeature OWNER TO postgres;

--
-- TOC entry 285 (class 1259 OID 18549)
-- Name: offeringid_seq; Type: SEQUENCE; Schema: public; Owner: postgres
--

CREATE SEQUENCE offeringid_seq
    START WITH 1
    INCREMENT BY 1
    NO MINVALUE
    NO MAXVALUE
    CACHE 1;


ALTER TABLE offeringid_seq OWNER TO postgres;

--
-- TOC entry 286 (class 1259 OID 18551)
-- Name: parameter; Type: TABLE; Schema: public; Owner: postgres; Tablespace: 
--

CREATE TABLE parameter (
    parameterid bigint NOT NULL,
    observationid bigint NOT NULL,
    definition character varying(255) NOT NULL,
    title character varying(255),
    value oid NOT NULL
);


ALTER TABLE parameter OWNER TO postgres;

--
-- TOC entry 287 (class 1259 OID 18557)
-- Name: parameterid_seq; Type: SEQUENCE; Schema: public; Owner: postgres
--

CREATE SEQUENCE parameterid_seq
    START WITH 1
    INCREMENT BY 1
    NO MINVALUE
    NO MAXVALUE
    CACHE 1;


ALTER TABLE parameterid_seq OWNER TO postgres;

--
-- TOC entry 288 (class 1259 OID 18559)
-- Name: procdescformatid_seq; Type: SEQUENCE; Schema: public; Owner: postgres
--

CREATE SEQUENCE procdescformatid_seq
    START WITH 1
    INCREMENT BY 1
    NO MINVALUE
    NO MAXVALUE
    CACHE 1;


ALTER TABLE procdescformatid_seq OWNER TO postgres;

--
-- TOC entry 289 (class 1259 OID 18561)
-- Name: procedure; Type: TABLE; Schema: public; Owner: postgres; Tablespace: 
--

CREATE TABLE procedure (
    procedureid bigint NOT NULL,
    hibernatediscriminator character(1) NOT NULL,
    proceduredescriptionformatid bigint NOT NULL,
    identifier character varying(255) NOT NULL,
    deleted character(1) DEFAULT 'F'::bpchar NOT NULL,
    descriptionfile text,
    CONSTRAINT procedure_deleted_check CHECK ((deleted = ANY (ARRAY['T'::bpchar, 'F'::bpchar])))
);


ALTER TABLE procedure OWNER TO postgres;

--
-- TOC entry 290 (class 1259 OID 18569)
-- Name: proceduredescriptionformat; Type: TABLE; Schema: public; Owner: postgres; Tablespace: 
--

CREATE TABLE proceduredescriptionformat (
    proceduredescriptionformatid bigint NOT NULL,
    proceduredescriptionformat character varying(255) NOT NULL
);


ALTER TABLE proceduredescriptionformat OWNER TO postgres;

--
-- TOC entry 291 (class 1259 OID 18572)
-- Name: procedureid_seq; Type: SEQUENCE; Schema: public; Owner: postgres
--

CREATE SEQUENCE procedureid_seq
    START WITH 1
    INCREMENT BY 1
    NO MINVALUE
    NO MAXVALUE
    CACHE 1;


ALTER TABLE procedureid_seq OWNER TO postgres;

--
-- TOC entry 292 (class 1259 OID 18574)
-- Name: relatedfeature; Type: TABLE; Schema: public; Owner: postgres; Tablespace: 
--

CREATE TABLE relatedfeature (
    relatedfeatureid bigint NOT NULL,
    featureofinterestid bigint NOT NULL
);


ALTER TABLE relatedfeature OWNER TO postgres;

--
-- TOC entry 293 (class 1259 OID 18577)
-- Name: relatedfeaturehasrole; Type: TABLE; Schema: public; Owner: postgres; Tablespace: 
--

CREATE TABLE relatedfeaturehasrole (
    relatedfeatureid bigint NOT NULL,
    relatedfeatureroleid bigint NOT NULL
);


ALTER TABLE relatedfeaturehasrole OWNER TO postgres;

--
-- TOC entry 294 (class 1259 OID 18580)
-- Name: relatedfeatureid_seq; Type: SEQUENCE; Schema: public; Owner: postgres
--

CREATE SEQUENCE relatedfeatureid_seq
    START WITH 1
    INCREMENT BY 1
    NO MINVALUE
    NO MAXVALUE
    CACHE 1;


ALTER TABLE relatedfeatureid_seq OWNER TO postgres;

--
-- TOC entry 295 (class 1259 OID 18582)
-- Name: relatedfeaturerole; Type: TABLE; Schema: public; Owner: postgres; Tablespace: 
--

CREATE TABLE relatedfeaturerole (
    relatedfeatureroleid bigint NOT NULL,
    relatedfeaturerole character varying(255) NOT NULL
);


ALTER TABLE relatedfeaturerole OWNER TO postgres;

--
-- TOC entry 296 (class 1259 OID 18585)
-- Name: relatedfeatureroleid_seq; Type: SEQUENCE; Schema: public; Owner: postgres
--

CREATE SEQUENCE relatedfeatureroleid_seq
    START WITH 1
    INCREMENT BY 1
    NO MINVALUE
    NO MAXVALUE
    CACHE 1;


ALTER TABLE relatedfeatureroleid_seq OWNER TO postgres;

--
-- TOC entry 297 (class 1259 OID 18587)
-- Name: resulttemplate; Type: TABLE; Schema: public; Owner: postgres; Tablespace: 
--

CREATE TABLE resulttemplate (
    resulttemplateid bigint NOT NULL,
    offeringid bigint NOT NULL,
    observablepropertyid bigint NOT NULL,
    procedureid bigint NOT NULL,
    featureofinterestid bigint NOT NULL,
    identifier character varying(255) NOT NULL,
    resultstructure text NOT NULL,
    resultencoding text NOT NULL
);


ALTER TABLE resulttemplate OWNER TO postgres;

--
-- TOC entry 298 (class 1259 OID 18593)
-- Name: resulttemplateid_seq; Type: SEQUENCE; Schema: public; Owner: postgres
--

CREATE SEQUENCE resulttemplateid_seq
    START WITH 1
    INCREMENT BY 1
    NO MINVALUE
    NO MAXVALUE
    CACHE 1;


ALTER TABLE resulttemplateid_seq OWNER TO postgres;

--
-- TOC entry 299 (class 1259 OID 18595)
-- Name: sensorsystem; Type: TABLE; Schema: public; Owner: postgres; Tablespace: 
--

CREATE TABLE sensorsystem (
    parentsensorid bigint NOT NULL,
    childsensorid bigint NOT NULL
);


ALTER TABLE sensorsystem OWNER TO postgres;

--
-- TOC entry 300 (class 1259 OID 18598)
-- Name: seriesid_seq; Type: SEQUENCE; Schema: public; Owner: postgres
--

CREATE SEQUENCE seriesid_seq
    START WITH 1
    INCREMENT BY 1
    NO MINVALUE
    NO MAXVALUE
    CACHE 1;


ALTER TABLE seriesid_seq OWNER TO postgres;

--
-- TOC entry 301 (class 1259 OID 18600)
-- Name: series; Type: TABLE; Schema: public; Owner: postgres; Tablespace: 
--

CREATE TABLE series (
    seriesid bigint DEFAULT nextval('seriesid_seq'::regclass) NOT NULL,
    featureofinterestid bigint NOT NULL,
    observablepropertyid bigint NOT NULL,
    procedureid bigint NOT NULL,
    deleted character(1) DEFAULT 'F'::bpchar NOT NULL,
    CONSTRAINT series_deleted_check CHECK ((deleted = ANY (ARRAY['T'::bpchar, 'F'::bpchar])))
);


ALTER TABLE series OWNER TO postgres;

--
-- TOC entry 302 (class 1259 OID 18606)
-- Name: spatialfilteringprofile; Type: TABLE; Schema: public; Owner: postgres; Tablespace: 
--

CREATE TABLE spatialfilteringprofile (
    spatialfilteringprofileid bigint NOT NULL,
    observation bigint NOT NULL,
    definition character varying(255) NOT NULL,
    title character varying(255),
    geom geometry NOT NULL
);


ALTER TABLE spatialfilteringprofile OWNER TO postgres;

--
-- TOC entry 303 (class 1259 OID 18612)
-- Name: spatialfilteringprofileid_seq; Type: SEQUENCE; Schema: public; Owner: postgres
--

CREATE SEQUENCE spatialfilteringprofileid_seq
    START WITH 1
    INCREMENT BY 1
    NO MINVALUE
    NO MAXVALUE
    CACHE 1;


ALTER TABLE spatialfilteringprofileid_seq OWNER TO postgres;

--
-- TOC entry 304 (class 1259 OID 18614)
-- Name: swedataarrayvalue; Type: TABLE; Schema: public; Owner: postgres; Tablespace: 
--

CREATE TABLE swedataarrayvalue (
    observationid bigint NOT NULL,
    value text
);


ALTER TABLE swedataarrayvalue OWNER TO postgres;

--
-- TOC entry 305 (class 1259 OID 18620)
-- Name: textvalue; Type: TABLE; Schema: public; Owner: postgres; Tablespace: 
--

CREATE TABLE textvalue (
    observationid bigint NOT NULL,
    value text
);


ALTER TABLE textvalue OWNER TO postgres;

--
-- TOC entry 306 (class 1259 OID 18626)
-- Name: unit; Type: TABLE; Schema: public; Owner: postgres; Tablespace: 
--

CREATE TABLE unit (
    unitid bigint NOT NULL,
    unit character varying(255) NOT NULL
);


ALTER TABLE unit OWNER TO postgres;

--
-- TOC entry 307 (class 1259 OID 18629)
-- Name: unitid_seq; Type: SEQUENCE; Schema: public; Owner: postgres
--

CREATE SEQUENCE unitid_seq
    START WITH 1
    INCREMENT BY 1
    NO MINVALUE
    NO MAXVALUE
    CACHE 1;


ALTER TABLE unitid_seq OWNER TO postgres;

--
-- TOC entry 308 (class 1259 OID 18631)
-- Name: user_role; Type: TABLE; Schema: public; Owner: postgres; Tablespace: 
--

CREATE TABLE user_role (
    user_role_id bigint NOT NULL,
    name character varying(20),
    description character varying(80)
);


ALTER TABLE user_role OWNER TO postgres;

--
-- TOC entry 320 (class 1259 OID 52493)
-- Name: userprofile; Type: TABLE; Schema: public; Owner: postgres; Tablespace: 
--

CREATE TABLE userprofile (
    user_id integer NOT NULL,
    firstname character varying(20) NOT NULL,
    lastname character varying(20) NOT NULL,
    fathersname character varying(20) NOT NULL,
    dateofbirth date,
    address character varying(50),
    addressnum character varying(10),
    zipcode character varying(10),
    telephone character varying(15),
    mobile character varying(15)
);


ALTER TABLE userprofile OWNER TO postgres;

--
-- TOC entry 309 (class 1259 OID 18634)
-- Name: users; Type: TABLE; Schema: public; Owner: postgres; Tablespace: 
--

CREATE TABLE users (
    username character varying(20),
    password character varying(20),
    email character varying(30),
    user_role_id bigint,
    user_id integer NOT NULL
);


ALTER TABLE users OWNER TO postgres;

--
-- TOC entry 310 (class 1259 OID 18637)
-- Name: users_user_id_seq; Type: SEQUENCE; Schema: public; Owner: postgres
--

CREATE SEQUENCE users_user_id_seq
    START WITH 1
    INCREMENT BY 1
    NO MINVALUE
    NO MAXVALUE
    CACHE 1;


ALTER TABLE users_user_id_seq OWNER TO postgres;

--
-- TOC entry 4248 (class 0 OID 0)
-- Dependencies: 310
-- Name: users_user_id_seq; Type: SEQUENCE OWNED BY; Schema: public; Owner: postgres
--

ALTER SEQUENCE users_user_id_seq OWNED BY users.user_id;


--
-- TOC entry 311 (class 1259 OID 18639)
-- Name: uthbaldata_seq; Type: SEQUENCE; Schema: public; Owner: postgres
--

CREATE SEQUENCE uthbaldata_seq
    START WITH 1
    INCREMENT BY 1
    NO MINVALUE
    NO MAXVALUE
    CACHE 1;


ALTER TABLE uthbaldata_seq OWNER TO postgres;

--
-- TOC entry 312 (class 1259 OID 18641)
-- Name: uthbaldata; Type: TABLE; Schema: public; Owner: postgres; Tablespace: 
--

CREATE TABLE uthbaldata (
    uthbaldataid bigint DEFAULT nextval('uthbaldata_seq'::regclass) NOT NULL,
    year integer NOT NULL,
    month integer NOT NULL,
    day integer NOT NULL,
    tair double precision,
    pi double precision,
    ep double precision,
    qomm double precision,
    qoms double precision,
    uthbaldatatypeid bigint
);


ALTER TABLE uthbaldata OWNER TO postgres;

--
-- TOC entry 313 (class 1259 OID 18645)
-- Name: uthbaldatatype; Type: TABLE; Schema: public; Owner: postgres; Tablespace: 
--

CREATE TABLE uthbaldatatype (
    uthbaldatatypeid bigint NOT NULL,
    name character varying(50) NOT NULL,
    description character varying(255)
);


ALTER TABLE uthbaldatatype OWNER TO postgres;

--
-- TOC entry 314 (class 1259 OID 18648)
-- Name: validproceduretime; Type: TABLE; Schema: public; Owner: postgres; Tablespace: 
--

CREATE TABLE validproceduretime (
    validproceduretimeid bigint NOT NULL,
    procedureid bigint NOT NULL,
    proceduredescriptionformatid bigint NOT NULL,
    starttime timestamp without time zone NOT NULL,
    endtime timestamp without time zone,
    descriptionxml text NOT NULL
);


ALTER TABLE validproceduretime OWNER TO postgres;

--
-- TOC entry 315 (class 1259 OID 18654)
-- Name: validproceduretimeid_seq; Type: SEQUENCE; Schema: public; Owner: postgres
--

CREATE SEQUENCE validproceduretimeid_seq
    START WITH 1
    INCREMENT BY 1
    NO MINVALUE
    NO MAXVALUE
    CACHE 1;


ALTER TABLE validproceduretimeid_seq OWNER TO postgres;

--
-- TOC entry 3896 (class 2604 OID 19715)
-- Name: id; Type: DEFAULT; Schema: public; Owner: postgres
--

ALTER TABLE ONLY enddevice ALTER COLUMN id SET DEFAULT nextval('"EndDevice_id_seq"'::regclass);


--
-- TOC entry 3881 (class 2604 OID 27899)
-- Name: featureofinterestid; Type: DEFAULT; Schema: public; Owner: postgres
--

ALTER TABLE ONLY featureofinterest ALTER COLUMN featureofinterestid SET DEFAULT nextval('featureofinterest_featureofinterestid_seq'::regclass);


--
-- TOC entry 3894 (class 2604 OID 18656)
-- Name: user_id; Type: DEFAULT; Schema: public; Owner: postgres
--

ALTER TABLE ONLY users ALTER COLUMN user_id SET DEFAULT nextval('users_user_id_seq'::regclass);


--
-- TOC entry 4249 (class 0 OID 0)
-- Dependencies: 317
-- Name: EndDevice_id_seq; Type: SEQUENCE SET; Schema: public; Owner: postgres
--

SELECT pg_catalog.setval('"EndDevice_id_seq"', 5, true);


--
-- TOC entry 4168 (class 0 OID 18452)
-- Dependencies: 258
-- Data for Name: blobvalue; Type: TABLE DATA; Schema: public; Owner: postgres
--



--
-- TOC entry 4169 (class 0 OID 18455)
-- Dependencies: 259
-- Data for Name: booleanvalue; Type: TABLE DATA; Schema: public; Owner: postgres
--



--
-- TOC entry 4170 (class 0 OID 18459)
-- Dependencies: 260
-- Data for Name: categoryvalue; Type: TABLE DATA; Schema: public; Owner: postgres
--



--
-- TOC entry 4171 (class 0 OID 18462)
-- Dependencies: 261
-- Data for Name: codespace; Type: TABLE DATA; Schema: public; Owner: postgres
--



--
-- TOC entry 4250 (class 0 OID 0)
-- Dependencies: 262
-- Name: codespaceid_seq; Type: SEQUENCE SET; Schema: public; Owner: postgres
--

SELECT pg_catalog.setval('codespaceid_seq', 1, false);


--
-- TOC entry 4173 (class 0 OID 18467)
-- Dependencies: 263
-- Data for Name: compositephenomenon; Type: TABLE DATA; Schema: public; Owner: postgres
--



--
-- TOC entry 4174 (class 0 OID 18470)
-- Dependencies: 264
-- Data for Name: countvalue; Type: TABLE DATA; Schema: public; Owner: postgres
--



--
-- TOC entry 4226 (class 0 OID 19707)
-- Dependencies: 316
-- Data for Name: enddevice; Type: TABLE DATA; Schema: public; Owner: postgres
--

INSERT INTO enddevice VALUES (50, 40, 30, 20, 4);
INSERT INTO enddevice VALUES (2, 3, 4, 5, 5);


--
-- TOC entry 4175 (class 0 OID 18473)
-- Dependencies: 265
-- Data for Name: featureofinterest; Type: TABLE DATA; Schema: public; Owner: postgres
--

INSERT INTO featureofinterest VALUES ('N', 1, 'Crop Name', NULL, 'Its the main crop', NULL, NULL, NULL, 1, 1, NULL);
INSERT INTO featureofinterest VALUES ('N', 3, '40E7CC39', NULL, 'Its an end device', NULL, NULL, NULL, 3, 1, 2);
INSERT INTO featureofinterest VALUES ('N', 3, '40D6A2C9', NULL, 'its an end device ', NULL, NULL, NULL, 4, 1, 2);
INSERT INTO featureofinterest VALUES ('N', 3, '40D6A2CF', NULL, 'its an end device', NULL, NULL, NULL, 5, 1, 2);
INSERT INTO featureofinterest VALUES ('N', 2, '40E7CC41', NULL, 'Its a base station', '0101000020E610000005E9906E52F777407895CB04143D4340', NULL, NULL, 2, 1, 1);


--
-- TOC entry 4251 (class 0 OID 0)
-- Dependencies: 318
-- Name: featureofinterest_featureofinterestid_seq; Type: SEQUENCE SET; Schema: public; Owner: postgres
--

SELECT pg_catalog.setval('featureofinterest_featureofinterestid_seq', 1, true);


--
-- TOC entry 4252 (class 0 OID 0)
-- Dependencies: 266
-- Name: featureofinterestid_seq; Type: SEQUENCE SET; Schema: public; Owner: postgres
--

SELECT pg_catalog.setval('featureofinterestid_seq', 1, false);


--
-- TOC entry 4177 (class 0 OID 18481)
-- Dependencies: 267
-- Data for Name: featureofinteresttype; Type: TABLE DATA; Schema: public; Owner: postgres
--

INSERT INTO featureofinteresttype VALUES (1, 'Crop');
INSERT INTO featureofinteresttype VALUES (2, 'Station');
INSERT INTO featureofinteresttype VALUES (3, 'End Device');


--
-- TOC entry 4253 (class 0 OID 0)
-- Dependencies: 268
-- Name: featureofinteresttypeid_seq; Type: SEQUENCE SET; Schema: public; Owner: postgres
--

SELECT pg_catalog.setval('featureofinteresttypeid_seq', 1, false);


--
-- TOC entry 4179 (class 0 OID 18486)
-- Dependencies: 269
-- Data for Name: featurerelation; Type: TABLE DATA; Schema: public; Owner: postgres
--

INSERT INTO featurerelation VALUES (1, 2);
INSERT INTO featurerelation VALUES (2, 3);
INSERT INTO featurerelation VALUES (2, 4);
INSERT INTO featurerelation VALUES (2, 5);


--
-- TOC entry 4180 (class 0 OID 18489)
-- Dependencies: 270
-- Data for Name: geometryvalue; Type: TABLE DATA; Schema: public; Owner: postgres
--



--
-- TOC entry 4229 (class 0 OID 36089)
-- Dependencies: 319
-- Data for Name: hasfeatures; Type: TABLE DATA; Schema: public; Owner: postgres
--

INSERT INTO hasfeatures VALUES (1, 1);
INSERT INTO hasfeatures VALUES (1, 2);
INSERT INTO hasfeatures VALUES (1, 3);
INSERT INTO hasfeatures VALUES (1, 4);
INSERT INTO hasfeatures VALUES (1, 5);


--
-- TOC entry 4181 (class 0 OID 18495)
-- Dependencies: 271
-- Data for Name: numericvalue; Type: TABLE DATA; Schema: public; Owner: postgres
--

INSERT INTO numericvalue VALUES (2, 17.00);
INSERT INTO numericvalue VALUES (3, 20.00);
INSERT INTO numericvalue VALUES (4, 23.00);
INSERT INTO numericvalue VALUES (5, 28.00);
INSERT INTO numericvalue VALUES (6, 30.00);
INSERT INTO numericvalue VALUES (7, 32.00);
INSERT INTO numericvalue VALUES (8, 32.00);
INSERT INTO numericvalue VALUES (9, 30.00);
INSERT INTO numericvalue VALUES (10, 30.20);
INSERT INTO numericvalue VALUES (11, 30.10);
INSERT INTO numericvalue VALUES (12, 30.00);
INSERT INTO numericvalue VALUES (13, 29.00);
INSERT INTO numericvalue VALUES (14, 27.00);
INSERT INTO numericvalue VALUES (15, 26.00);
INSERT INTO numericvalue VALUES (16, 26.00);
INSERT INTO numericvalue VALUES (17, 25.50);
INSERT INTO numericvalue VALUES (18, 23.00);
INSERT INTO numericvalue VALUES (19, 20.00);
INSERT INTO numericvalue VALUES (20, 16.00);
INSERT INTO numericvalue VALUES (21, 60.00);
INSERT INTO numericvalue VALUES (22, 59.00);
INSERT INTO numericvalue VALUES (23, 55.00);
INSERT INTO numericvalue VALUES (24, 52.00);
INSERT INTO numericvalue VALUES (25, 33.00);
INSERT INTO numericvalue VALUES (26, 30.00);
INSERT INTO numericvalue VALUES (27, 28.00);
INSERT INTO numericvalue VALUES (28, 27.00);
INSERT INTO numericvalue VALUES (29, 35.00);
INSERT INTO numericvalue VALUES (30, 37.00);
INSERT INTO numericvalue VALUES (31, 36.00);
INSERT INTO numericvalue VALUES (32, 70.00);
INSERT INTO numericvalue VALUES (33, 60.00);
INSERT INTO numericvalue VALUES (34, 55.00);
INSERT INTO numericvalue VALUES (35, 57.00);
INSERT INTO numericvalue VALUES (36, 52.00);
INSERT INTO numericvalue VALUES (37, 60.00);
INSERT INTO numericvalue VALUES (38, 61.00);
INSERT INTO numericvalue VALUES (39, 62.00);
INSERT INTO numericvalue VALUES (40, 25.00);
INSERT INTO numericvalue VALUES (41, 26.00);
INSERT INTO numericvalue VALUES (42, 27.00);
INSERT INTO numericvalue VALUES (43, 28.00);
INSERT INTO numericvalue VALUES (44, 30.00);
INSERT INTO numericvalue VALUES (45, 32.00);
INSERT INTO numericvalue VALUES (46, 35.00);
INSERT INTO numericvalue VALUES (166, 57.00);
INSERT INTO numericvalue VALUES (47, 40.00);
INSERT INTO numericvalue VALUES (48, 41.00);
INSERT INTO numericvalue VALUES (49, 40.00);
INSERT INTO numericvalue VALUES (50, 38.00);
INSERT INTO numericvalue VALUES (51, 37.00);
INSERT INTO numericvalue VALUES (52, 36.00);
INSERT INTO numericvalue VALUES (53, 32.00);
INSERT INTO numericvalue VALUES (54, 30.00);
INSERT INTO numericvalue VALUES (55, 25.00);
INSERT INTO numericvalue VALUES (56, 20.00);
INSERT INTO numericvalue VALUES (57, 19.00);
INSERT INTO numericvalue VALUES (58, 16.00);
INSERT INTO numericvalue VALUES (59, 70.00);
INSERT INTO numericvalue VALUES (60, 69.00);
INSERT INTO numericvalue VALUES (61, 67.00);
INSERT INTO numericvalue VALUES (62, 65.00);
INSERT INTO numericvalue VALUES (63, 65.00);
INSERT INTO numericvalue VALUES (64, 50.00);
INSERT INTO numericvalue VALUES (65, 40.00);
INSERT INTO numericvalue VALUES (66, 35.00);
INSERT INTO numericvalue VALUES (67, 36.00);
INSERT INTO numericvalue VALUES (68, 39.00);
INSERT INTO numericvalue VALUES (69, 40.00);
INSERT INTO numericvalue VALUES (70, 45.00);
INSERT INTO numericvalue VALUES (71, 50.00);
INSERT INTO numericvalue VALUES (72, 55.00);
INSERT INTO numericvalue VALUES (73, 55.00);
INSERT INTO numericvalue VALUES (74, 53.00);
INSERT INTO numericvalue VALUES (75, 52.00);
INSERT INTO numericvalue VALUES (76, 51.00);
INSERT INTO numericvalue VALUES (77, 50.00);
INSERT INTO numericvalue VALUES (79, 16.00);
INSERT INTO numericvalue VALUES (78, 15.00);
INSERT INTO numericvalue VALUES (80, 20.00);
INSERT INTO numericvalue VALUES (81, 25.00);
INSERT INTO numericvalue VALUES (82, 27.00);
INSERT INTO numericvalue VALUES (83, 29.00);
INSERT INTO numericvalue VALUES (84, 30.00);
INSERT INTO numericvalue VALUES (85, 28.00);
INSERT INTO numericvalue VALUES (86, 27.00);
INSERT INTO numericvalue VALUES (87, 27.00);
INSERT INTO numericvalue VALUES (88, 26.00);
INSERT INTO numericvalue VALUES (89, 26.50);
INSERT INTO numericvalue VALUES (90, 26.00);
INSERT INTO numericvalue VALUES (91, 25.00);
INSERT INTO numericvalue VALUES (92, 24.00);
INSERT INTO numericvalue VALUES (93, 22.00);
INSERT INTO numericvalue VALUES (94, 22.00);
INSERT INTO numericvalue VALUES (95, 20.00);
INSERT INTO numericvalue VALUES (96, 16.00);
INSERT INTO numericvalue VALUES (97, 70.00);
INSERT INTO numericvalue VALUES (98, 71.00);
INSERT INTO numericvalue VALUES (99, 68.00);
INSERT INTO numericvalue VALUES (100, 67.00);
INSERT INTO numericvalue VALUES (101, 66.00);
INSERT INTO numericvalue VALUES (115, 60.00);
INSERT INTO numericvalue VALUES (116, 59.00);
INSERT INTO numericvalue VALUES (117, 53.00);
INSERT INTO numericvalue VALUES (118, 50.00);
INSERT INTO numericvalue VALUES (119, 40.00);
INSERT INTO numericvalue VALUES (120, 39.00);
INSERT INTO numericvalue VALUES (121, 38.00);
INSERT INTO numericvalue VALUES (122, 37.00);
INSERT INTO numericvalue VALUES (123, 48.00);
INSERT INTO numericvalue VALUES (124, 50.00);
INSERT INTO numericvalue VALUES (125, 60.00);
INSERT INTO numericvalue VALUES (126, 65.00);
INSERT INTO numericvalue VALUES (127, 70.00);
INSERT INTO numericvalue VALUES (128, 78.00);
INSERT INTO numericvalue VALUES (129, 22.00);
INSERT INTO numericvalue VALUES (130, 23.00);
INSERT INTO numericvalue VALUES (131, 24.00);
INSERT INTO numericvalue VALUES (132, 25.00);
INSERT INTO numericvalue VALUES (133, 28.00);
INSERT INTO numericvalue VALUES (134, 30.00);
INSERT INTO numericvalue VALUES (135, 38.00);
INSERT INTO numericvalue VALUES (136, 39.00);
INSERT INTO numericvalue VALUES (137, 40.00);
INSERT INTO numericvalue VALUES (138, 40.00);
INSERT INTO numericvalue VALUES (139, 38.00);
INSERT INTO numericvalue VALUES (140, 37.00);
INSERT INTO numericvalue VALUES (141, 36.00);
INSERT INTO numericvalue VALUES (142, 35.00);
INSERT INTO numericvalue VALUES (143, 34.00);
INSERT INTO numericvalue VALUES (144, 31.00);
INSERT INTO numericvalue VALUES (145, 31.00);
INSERT INTO numericvalue VALUES (146, 30.00);
INSERT INTO numericvalue VALUES (147, 28.00);
INSERT INTO numericvalue VALUES (148, 60.00);
INSERT INTO numericvalue VALUES (149, 58.00);
INSERT INTO numericvalue VALUES (150, 57.00);
INSERT INTO numericvalue VALUES (151, 53.00);
INSERT INTO numericvalue VALUES (152, 49.00);
INSERT INTO numericvalue VALUES (153, 38.00);
INSERT INTO numericvalue VALUES (154, 32.00);
INSERT INTO numericvalue VALUES (155, 30.00);
INSERT INTO numericvalue VALUES (156, 32.00);
INSERT INTO numericvalue VALUES (157, 38.00);
INSERT INTO numericvalue VALUES (158, 40.00);
INSERT INTO numericvalue VALUES (159, 50.00);
INSERT INTO numericvalue VALUES (160, 55.00);
INSERT INTO numericvalue VALUES (161, 57.00);
INSERT INTO numericvalue VALUES (162, 65.00);
INSERT INTO numericvalue VALUES (163, 60.00);
INSERT INTO numericvalue VALUES (164, 54.00);
INSERT INTO numericvalue VALUES (165, 54.00);


--
-- TOC entry 4182 (class 0 OID 18498)
-- Dependencies: 272
-- Data for Name: observableproperty; Type: TABLE DATA; Schema: public; Owner: postgres
--

INSERT INTO observableproperty VALUES (1, 'N', 'Internal Humidity', 'Internal Humidity');
INSERT INTO observableproperty VALUES (2, 'N', 'Internal Temperature ', 'Internal Temperature ');
INSERT INTO observableproperty VALUES (3, 'N', 'Temperature', 'Temperature');
INSERT INTO observableproperty VALUES (4, 'N', 'Soil Moisture', 'Soil Moisture');


--
-- TOC entry 4254 (class 0 OID 0)
-- Dependencies: 273
-- Name: observablepropertyid_seq; Type: SEQUENCE SET; Schema: public; Owner: postgres
--

SELECT pg_catalog.setval('observablepropertyid_seq', 21, true);


--
-- TOC entry 4185 (class 0 OID 18508)
-- Dependencies: 275
-- Data for Name: observation; Type: TABLE DATA; Schema: public; Owner: postgres
--

INSERT INTO observation VALUES (12, 1, '2015-05-21 19:35:00', '2015-05-21 00:15:00', '2015-05-21 00:15:00', NULL, NULL, 'F', '21/5/201597a4ccd4-b678-490f-8a0f-563ceb5a6e49', NULL, NULL, 20);
INSERT INTO observation VALUES (11, 1, '2015-05-21 19:25:00', '2015-05-21 00:15:00', '2015-05-21 00:15:00', NULL, NULL, 'F', '21/5/2015c9d218ee-c2ad-455d-bed6-b682c30b1ee6', NULL, NULL, 7);
INSERT INTO observation VALUES (10, 1, '2015-05-21 19:15:00', '2015-05-21 00:15:00', '2015-05-21 00:15:00', NULL, NULL, 'F', '21/5/2015cb998327-a17b-4d02-abb6-5431b234c6c9', NULL, NULL, 10);
INSERT INTO observation VALUES (9, 1, '2015-05-21 19:00:00', '2015-05-21 00:00:00', '2015-05-21 00:00:00', NULL, NULL, 'F', '21/5/20150955cc9c-0aa8-432d-9ee8-057089305ffa', NULL, NULL, 9);
INSERT INTO observation VALUES (8, 1, '2015-05-21 17:00:00', '2015-05-21 00:00:00', '2015-05-21 00:00:00', NULL, NULL, 'F', '21/5/201501d9365a-1a05-43e4-a516-7e2246d897be', NULL, NULL, 11);
INSERT INTO observation VALUES (7, 1, '2015-05-21 15:00:00', '2015-05-21 00:00:00', '2015-05-21 00:00:00', NULL, NULL, 'F', '21/5/20152ff92fc1-ab5c-41fe-9536-9ad20ab28a3c', NULL, NULL, 8);
INSERT INTO observation VALUES (6, 1, '2015-05-21 13:00:00', '2015-05-21 00:00:00', '2015-05-21 00:00:00', NULL, NULL, 'F', '21/5/201545fe640a-712a-43ef-ba39-b1f80e7580d8', NULL, NULL, 7);
INSERT INTO observation VALUES (5, 1, '2015-05-21 12:00:00', '2015-05-21 00:00:00', '2015-05-21 00:00:00', NULL, NULL, 'F', '21/5/2015f480717a-726e-43c0-a9c6-a70754eafef3', NULL, NULL, 6);
INSERT INTO observation VALUES (4, 1, '2015-05-21 10:00:00', '2015-05-21 00:00:00', '2015-05-21 00:00:00', NULL, NULL, 'F', '21/5/2015d55624f2-2f9c-46fa-9894-3ac302a73bca', NULL, NULL, 20);
INSERT INTO observation VALUES (3, 1, '2015-05-21 09:00:00', '2015-05-21 00:00:00', '2015-05-21 00:00:00', NULL, NULL, 'F', '21/5/2015676891fe-f3ae-4db0-b5f8-649ecc88361d', NULL, NULL, 7);
INSERT INTO observation VALUES (2, 1, '2015-05-21 07:00:00', '2015-05-21 00:00:00', '2015-05-21 00:00:00', NULL, NULL, 'F', '21/5/2015553cbd92-864a-4b5e-9de9-c84ada1d94b7', NULL, NULL, 10);
INSERT INTO observation VALUES (59, 4, '2015-05-21 07:00:00', '2015-05-21 01:45:00', '2015-05-21 01:45:00', NULL, NULL, 'F', '21/5/2015332653b2-a2de-4bae-b00b-67da4bf78d01', NULL, NULL, 7);
INSERT INTO observation VALUES (40, 3, '2015-05-21 07:00:00', '2015-05-21 01:00:00', '2015-05-21 01:00:00', NULL, NULL, 'F', '21/5/201537cd789c-43d4-425b-bdb7-b03fadd10502', NULL, NULL, 11);
INSERT INTO observation VALUES (41, 3, '2015-05-21 09:00:00', '2015-05-21 01:00:00', '2015-05-21 01:00:00', NULL, NULL, 'F', '21/5/20159ef7b260-85da-4e7f-a1dd-94b7362ef254', NULL, NULL, 9);
INSERT INTO observation VALUES (42, 3, '2015-05-21 10:00:00', '2015-05-21 01:15:00', '2015-05-21 01:15:00', NULL, NULL, 'F', '21/5/20152589f866-d6a6-4102-b8cc-67771a93edc2', NULL, NULL, 10);
INSERT INTO observation VALUES (43, 3, '2015-05-21 12:00:00', '2015-05-21 01:15:00', '2015-05-21 01:15:00', NULL, NULL, 'F', '21/5/2015ceda0c79-3d61-4908-8aeb-86da80c5063d', NULL, NULL, 7);
INSERT INTO observation VALUES (44, 3, '2015-05-21 13:00:00', '2015-05-21 01:15:00', '2015-05-21 01:15:00', NULL, NULL, 'F', '21/5/2015c793d58e-35f7-4fd1-b9a6-12da3bb45043', NULL, NULL, 20);
INSERT INTO observation VALUES (45, 3, '2015-05-21 15:00:00', '2015-05-21 01:15:00', '2015-05-21 01:15:00', NULL, NULL, 'F', '21/5/20159b26ab01-61d3-4043-bc22-30d7b1b25ce7', NULL, NULL, 6);
INSERT INTO observation VALUES (46, 3, '2015-05-21 17:00:00', '2015-05-21 01:15:00', '2015-05-21 01:15:00', NULL, NULL, 'F', '21/5/2015486fc1f1-2065-4418-ac73-bfd37ce0a253', NULL, NULL, 7);
INSERT INTO observation VALUES (47, 3, '2015-05-21 19:00:00', '2015-05-21 01:15:00', '2015-05-21 01:15:00', NULL, NULL, 'F', '21/5/20155c8fd10e-4076-4067-8480-785a9dc888fa', NULL, NULL, 8);
INSERT INTO observation VALUES (48, 3, '2015-05-21 19:15:00', '2015-05-21 01:15:00', '2015-05-21 01:15:00', NULL, NULL, 'F', '21/5/2015f914e46a-82a6-41f3-aa1d-6f1feb734c76', NULL, NULL, 11);
INSERT INTO observation VALUES (49, 3, '2015-05-21 19:25:00', '2015-05-21 01:15:00', '2015-05-21 01:15:00', NULL, NULL, 'F', '21/5/20158be008de-dc39-4c7a-893c-fdcf2823d510', NULL, NULL, 9);
INSERT INTO observation VALUES (50, 3, '2015-05-21 19:35:00', '2015-05-21 01:30:00', '2015-05-21 01:30:00', NULL, NULL, 'F', '21/5/2015ccbaa0dd-ff9a-465c-8b27-eea6a21f7c7d', NULL, NULL, 10);
INSERT INTO observation VALUES (51, 3, '2015-05-21 19:50:00', '2015-05-21 01:30:00', '2015-05-21 01:30:00', NULL, NULL, 'F', '21/5/20158176355a-cdd7-4d12-9259-ae3046626db2', NULL, NULL, 7);
INSERT INTO observation VALUES (52, 3, '2015-05-21 20:05:00', '2015-05-21 01:30:00', '2015-05-21 01:30:00', NULL, NULL, 'F', '21/5/201537d99c64-d977-4865-a449-8322d767e55b', NULL, NULL, 20);
INSERT INTO observation VALUES (53, 3, '2015-05-21 20:20:00', '2015-05-21 01:30:00', '2015-05-21 01:30:00', NULL, NULL, 'F', '21/5/20152561bd34-0cb1-42bd-9ea7-851efd29668a', NULL, NULL, 6);
INSERT INTO observation VALUES (54, 3, '2015-05-21 20:35:00', '2015-05-21 01:30:00', '2015-05-21 01:30:00', NULL, NULL, 'F', '21/5/2015b87b358b-8eee-4b23-bd61-327cb540013a', NULL, NULL, 7);
INSERT INTO observation VALUES (55, 3, '2015-05-21 20:50:00', '2015-05-21 01:30:00', '2015-05-21 01:30:00', NULL, NULL, 'F', '21/5/20157bcc8c68-b00a-4b4e-8f5b-506253036c7e', NULL, NULL, 8);
INSERT INTO observation VALUES (56, 3, '2015-05-21 21:05:00', '2015-05-21 01:30:00', '2015-05-21 01:30:00', NULL, NULL, 'F', '21/5/2015a35b319f-4aec-452a-9a18-8877f8c98957', NULL, NULL, 11);
INSERT INTO observation VALUES (57, 3, '2015-05-21 21:20:00', '2015-05-21 01:30:00', '2015-05-21 01:30:00', NULL, NULL, 'F', '21/5/201539814e8b-ed96-4f8a-9567-9ed6297135bf', NULL, NULL, 9);
INSERT INTO observation VALUES (58, 3, '2015-05-21 23:30:00', '2015-05-21 01:45:00', '2015-05-21 01:45:00', NULL, NULL, 'F', '21/5/2015fd205622-46cc-42f8-99c7-02a14778fa34', NULL, NULL, 10);
INSERT INTO observation VALUES (39, 2, '2015-05-21 23:30:00', '2015-05-21 01:00:00', '2015-05-21 01:00:00', NULL, NULL, 'F', '21/5/2015a3618a24-f5f4-4012-8db7-c17fc3f1d264', NULL, NULL, 8);
INSERT INTO observation VALUES (38, 2, '2015-05-21 21:20:00', '2015-05-21 01:00:00', '2015-05-21 01:00:00', NULL, NULL, 'F', '21/5/20152e6a9291-db43-4606-9563-56d157129ed4', NULL, NULL, 7);
INSERT INTO observation VALUES (37, 2, '2015-05-21 21:05:00', '2015-05-21 01:00:00', '2015-05-21 01:00:00', NULL, NULL, 'F', '21/5/2015231a0b2d-15cd-4a7f-99c1-660d08470832', NULL, NULL, 6);
INSERT INTO observation VALUES (36, 2, '2015-05-21 20:50:00', '2015-05-21 01:00:00', '2015-05-21 01:00:00', NULL, NULL, 'F', '21/5/2015e0303c67-fe92-4368-bca4-eef2ba942188', NULL, NULL, 20);
INSERT INTO observation VALUES (35, 2, '2015-05-21 20:35:00', '2015-05-21 01:00:00', '2015-05-21 01:00:00', NULL, NULL, 'F', '21/5/20150388a281-9c93-409a-a123-3d998b533056', NULL, NULL, 7);
INSERT INTO observation VALUES (34, 2, '2015-05-21 20:20:00', '2015-05-21 01:00:00', '2015-05-21 01:00:00', NULL, NULL, 'F', '21/5/201577092d54-7e7c-4b77-a09a-bf2bc129462e', NULL, NULL, 10);
INSERT INTO observation VALUES (33, 2, '2015-05-21 20:05:00', '2015-05-21 00:45:00', '2015-05-21 00:45:00', NULL, NULL, 'F', '21/5/2015443ce6ab-67bb-4b3a-93c8-91108669b072', NULL, NULL, 9);
INSERT INTO observation VALUES (32, 2, '2015-05-21 19:50:00', '2015-05-21 00:45:00', '2015-05-21 00:45:00', NULL, NULL, 'F', '21/5/2015602550ff-92c2-4bf6-83fb-6afbc06a788c', NULL, NULL, 11);
INSERT INTO observation VALUES (31, 2, '2015-05-21 19:35:00', '2015-05-21 00:45:00', '2015-05-21 00:45:00', NULL, NULL, 'F', '21/5/2015f6eab7f5-258c-4f74-9e48-7de2d1746332', NULL, NULL, 8);
INSERT INTO observation VALUES (30, 2, '2015-05-21 19:25:00', '2015-05-21 00:45:00', '2015-05-21 00:45:00', NULL, NULL, 'F', '21/5/2015ec601cdd-21c5-4062-8b87-99aa1f4fcc82', NULL, NULL, 7);
INSERT INTO observation VALUES (29, 2, '2015-05-21 19:15:00', '2015-05-21 00:45:00', '2015-05-21 00:45:00', NULL, NULL, 'F', '21/5/2015b7a26ce0-565e-4c7f-a8a8-13870c17831f', NULL, NULL, 6);
INSERT INTO observation VALUES (28, 2, '2015-05-21 19:00:00', '2015-05-21 00:45:00', '2015-05-21 00:45:00', NULL, NULL, 'F', '21/5/20156c53e10c-2042-4a00-823c-c952716597f5', NULL, NULL, 20);
INSERT INTO observation VALUES (27, 2, '2015-05-21 17:00:00', '2015-05-21 00:45:00', '2015-05-21 00:45:00', NULL, NULL, 'F', '21/5/2015f7d57039-6cca-45ef-abf6-8618a8efe5c8', NULL, NULL, 7);
INSERT INTO observation VALUES (26, 2, '2015-05-21 15:00:00', '2015-05-21 00:45:00', '2015-05-21 00:45:00', NULL, NULL, 'F', '21/5/2015f886cff2-4f7b-4966-88c3-922381f550b8', NULL, NULL, 10);
INSERT INTO observation VALUES (25, 2, '2015-05-21 13:00:00', '2015-05-21 00:30:00', '2015-05-21 00:30:00', NULL, NULL, 'F', '21/5/201521207152-1bad-43df-8b9b-aad56d51091f', NULL, NULL, 9);
INSERT INTO observation VALUES (24, 2, '2015-05-21 12:00:00', '2015-05-21 00:30:00', '2015-05-21 00:30:00', NULL, NULL, 'F', '21/5/2015cf86c435-529b-47ac-896a-2d96df412eea', NULL, NULL, 11);
INSERT INTO observation VALUES (23, 2, '2015-05-21 10:00:00', '2015-05-21 00:30:00', '2015-05-21 00:30:00', NULL, NULL, 'F', '21/5/20155a3732e3-f33b-4fcb-9270-e1a8ccd38fd5', NULL, NULL, 8);
INSERT INTO observation VALUES (22, 2, '2015-05-21 09:00:00', '2015-05-21 00:30:00', '2015-05-21 00:30:00', NULL, NULL, 'F', '21/5/2015f7ab0e7b-6815-4798-999e-8fa2be7adaa5', NULL, NULL, 7);
INSERT INTO observation VALUES (21, 2, '2015-05-21 07:00:00', '2015-05-21 00:30:00', '2015-05-21 00:30:00', NULL, NULL, 'F', '21/5/2015e32d32f4-3a59-479f-8dcd-5e8f8082c6f7', NULL, NULL, 6);
INSERT INTO observation VALUES (20, 1, '2015-05-21 23:30:00', '2015-05-21 00:30:00', '2015-05-21 00:30:00', NULL, NULL, 'F', '21/5/20153649e528-2b52-4fec-8ab7-a961c9c2f579', NULL, NULL, 20);
INSERT INTO observation VALUES (19, 1, '2015-05-21 21:20:00', '2015-05-21 00:30:00', '2015-05-21 00:30:00', NULL, NULL, 'F', '21/5/2015852e3470-8a70-4ba8-a942-d28be264b6e8', NULL, NULL, 7);
INSERT INTO observation VALUES (18, 1, '2015-05-21 21:05:00', '2015-05-21 00:30:00', '2015-05-21 00:30:00', NULL, NULL, 'F', '21/5/2015881e6f97-0a03-4510-bce8-a7de0133cc52', NULL, NULL, 10);
INSERT INTO observation VALUES (17, 1, '2015-05-21 20:50:00', '2015-05-21 00:15:00', '2015-05-21 00:15:00', NULL, NULL, 'F', '21/5/201574194b78-338f-42b5-b109-d4c4edb8fa79', NULL, NULL, 9);
INSERT INTO observation VALUES (16, 1, '2015-05-21 20:35:00', '2015-05-21 00:15:00', '2015-05-21 00:15:00', NULL, NULL, 'F', '21/5/20158b5cf40f-be0f-4da0-a992-c22dfe08c0e8', NULL, NULL, 11);
INSERT INTO observation VALUES (15, 1, '2015-05-21 20:20:00', '2015-05-21 00:15:00', '2015-05-21 00:15:00', NULL, NULL, 'F', '21/5/2015bf80ec8e-01e6-4bf1-80dd-bca2e947c045', NULL, NULL, 8);
INSERT INTO observation VALUES (14, 1, '2015-05-21 20:05:00', '2015-05-21 00:15:00', '2015-05-21 00:15:00', NULL, NULL, 'F', '21/5/20158961d1f0-f4de-4f74-8fa8-9f14ee346fbe', NULL, NULL, 7);
INSERT INTO observation VALUES (13, 1, '2015-05-21 19:50:00', '2015-05-21 00:15:00', '2015-05-21 00:15:00', NULL, NULL, 'F', '21/5/2015fae96ecf-b6e3-4bd5-9c7b-55d8db69bcef', NULL, NULL, 6);
INSERT INTO observation VALUES (136, 7, '2015-05-21 19:00:00', '2015-05-21 04:00:00', '2015-05-21 04:00:00', NULL, NULL, 'F', '21/5/20156f7c4101-bc0f-41e4-b271-43a434a6b5f7', NULL, NULL, 11);
INSERT INTO observation VALUES (60, 4, '2015-05-21 09:00:00', '2015-05-21 01:45:00', '2015-05-21 01:45:00', NULL, NULL, 'F', '21/5/2015e24b968b-3ed2-441e-a742-c2229c0bf1a6', NULL, NULL, 20);
INSERT INTO observation VALUES (61, 4, '2015-05-21 10:00:00', '2015-05-21 01:45:00', '2015-05-21 01:45:00', NULL, NULL, 'F', '21/5/201567f54801-e03b-458a-b76d-d6bfc47cc082', NULL, NULL, 6);
INSERT INTO observation VALUES (62, 4, '2015-05-21 12:00:00', '2015-05-21 01:45:00', '2015-05-21 01:45:00', NULL, NULL, 'F', '21/5/2015e195f9e8-fde1-4875-b711-d47513ec3fc0', NULL, NULL, 7);
INSERT INTO observation VALUES (63, 4, '2015-05-21 13:00:00', '2015-05-21 01:45:00', '2015-05-21 01:45:00', NULL, NULL, 'F', '21/5/2015ca5ffa65-3447-4e93-9305-9c6838cc952a', NULL, NULL, 8);
INSERT INTO observation VALUES (64, 4, '2015-05-21 15:00:00', '2015-05-21 01:45:00', '2015-05-21 01:45:00', NULL, NULL, 'F', '21/5/2015514553c8-38cb-474e-aec5-d80c79dc35fb', NULL, NULL, 11);
INSERT INTO observation VALUES (65, 4, '2015-05-21 17:00:00', '2015-05-21 01:45:00', '2015-05-21 01:45:00', NULL, NULL, 'F', '21/5/20152c386ef5-d9d9-436d-9328-eaadbf07b2b1', NULL, NULL, 9);
INSERT INTO observation VALUES (66, 4, '2015-05-21 19:00:00', '2015-05-21 02:00:00', '2015-05-21 02:00:00', NULL, NULL, 'F', '21/5/20157b8b22e1-7c8a-463d-a740-adb6ec09c6e1', NULL, NULL, 10);
INSERT INTO observation VALUES (67, 4, '2015-05-21 19:15:00', '2015-05-21 02:00:00', '2015-05-21 02:00:00', NULL, NULL, 'F', '21/5/2015da5debf1-d36d-4a69-9e2b-ccfa22275876', NULL, NULL, 7);
INSERT INTO observation VALUES (68, 4, '2015-05-21 19:25:00', '2015-05-21 02:00:00', '2015-05-21 02:00:00', NULL, NULL, 'F', '21/5/2015d0f555e1-184c-4b83-b693-228d68ff1eba', NULL, NULL, 20);
INSERT INTO observation VALUES (69, 4, '2015-05-21 19:35:00', '2015-05-21 02:00:00', '2015-05-21 02:00:00', NULL, NULL, 'F', '21/5/201518667d00-4f40-4b27-ac3e-e337725734d3', NULL, NULL, 6);
INSERT INTO observation VALUES (70, 4, '2015-05-21 19:50:00', '2015-05-21 02:00:00', '2015-05-21 02:00:00', NULL, NULL, 'F', '21/5/2015ebea99a8-83df-494e-9940-03367ccf6a77', NULL, NULL, 7);
INSERT INTO observation VALUES (71, 4, '2015-05-21 20:05:00', '2015-05-21 02:00:00', '2015-05-21 02:00:00', NULL, NULL, 'F', '21/5/201575b444b3-f766-4009-a658-4020f3556fa6', NULL, NULL, 8);
INSERT INTO observation VALUES (72, 4, '2015-05-21 20:20:00', '2015-05-21 02:00:00', '2015-05-21 02:00:00', NULL, NULL, 'F', '21/5/2015c2d1956e-f70d-4a17-a904-1e05338649fd', NULL, NULL, 11);
INSERT INTO observation VALUES (73, 4, '2015-05-21 20:35:00', '2015-05-21 02:00:00', '2015-05-21 02:00:00', NULL, NULL, 'F', '21/5/2015c166e4d6-aafa-4638-a753-0f718589897f', NULL, NULL, 9);
INSERT INTO observation VALUES (74, 4, '2015-05-21 20:50:00', '2015-05-21 02:15:00', '2015-05-21 02:15:00', NULL, NULL, 'F', '21/5/20152e618b7a-148f-49fb-a322-beaaa88edd49', NULL, NULL, 10);
INSERT INTO observation VALUES (75, 4, '2015-05-21 21:05:00', '2015-05-21 02:15:00', '2015-05-21 02:15:00', NULL, NULL, 'F', '21/5/201502fdaf3b-ea50-4ee5-902d-2587b75b49a7', NULL, NULL, 7);
INSERT INTO observation VALUES (76, 4, '2015-05-21 21:20:00', '2015-05-21 02:15:00', '2015-05-21 02:15:00', NULL, NULL, 'F', '21/5/2015093971a4-f2cb-48b2-8c5c-a0e2578f185c', NULL, NULL, 20);
INSERT INTO observation VALUES (77, 4, '2015-05-21 23:30:00', '2015-05-21 02:15:00', '2015-05-21 02:15:00', NULL, NULL, 'F', '21/5/2015d87a37e8-7e2d-4796-982d-c20bce04f31e', NULL, NULL, 6);
INSERT INTO observation VALUES (78, 5, '2015-05-21 07:00:00', '2015-05-21 02:15:00', '2015-05-21 02:15:00', NULL, NULL, 'F', '21/5/2015572a80ad-3e5e-44e9-8231-a4e50f2ac2c8', NULL, NULL, 7);
INSERT INTO observation VALUES (79, 5, '2015-05-21 09:00:00', '2015-05-21 02:15:00', '2015-05-21 02:15:00', NULL, NULL, 'F', '21/5/2015426ede1e-2f98-4606-a147-58fa68a69ae1', NULL, NULL, 8);
INSERT INTO observation VALUES (80, 5, '2015-05-21 10:00:00', '2015-05-21 02:15:00', '2015-05-21 02:15:00', NULL, NULL, 'F', '21/5/201571fc35fb-3f6b-4395-9223-04c724d35d54', NULL, NULL, 11);
INSERT INTO observation VALUES (81, 5, '2015-05-21 12:00:00', '2015-05-21 02:15:00', '2015-05-21 02:15:00', NULL, NULL, 'F', '21/5/2015d88a33c9-6ade-4b8a-967f-cd344568318f', NULL, NULL, 9);
INSERT INTO observation VALUES (82, 5, '2015-05-21 13:00:00', '2015-05-21 02:30:00', '2015-05-21 02:30:00', NULL, NULL, 'F', '21/5/201581e7306f-2449-457e-8d5f-be9cfec52cbf', NULL, NULL, 10);
INSERT INTO observation VALUES (83, 5, '2015-05-21 15:00:00', '2015-05-21 02:30:00', '2015-05-21 02:30:00', NULL, NULL, 'F', '21/5/20155b30697e-8c16-499b-9ae2-b927901e15fe', NULL, NULL, 7);
INSERT INTO observation VALUES (84, 5, '2015-05-21 17:00:00', '2015-05-21 02:30:00', '2015-05-21 02:30:00', NULL, NULL, 'F', '21/5/2015133b0a6e-76fc-4d0e-ad8b-20964a0d826e', NULL, NULL, 20);
INSERT INTO observation VALUES (85, 5, '2015-05-21 19:00:00', '2015-05-21 02:30:00', '2015-05-21 02:30:00', NULL, NULL, 'F', '21/5/20155074040e-12b6-4bc9-b2ca-bbd08961f7ed', NULL, NULL, 6);
INSERT INTO observation VALUES (86, 5, '2015-05-21 19:15:00', '2015-05-21 02:30:00', '2015-05-21 02:30:00', NULL, NULL, 'F', '21/5/2015180f2251-3bc3-4c46-b318-e472b371e2ac', NULL, NULL, 7);
INSERT INTO observation VALUES (87, 5, '2015-05-21 19:25:00', '2015-05-21 02:30:00', '2015-05-21 02:30:00', NULL, NULL, 'F', '21/5/2015ec1c3c93-4160-4d22-b49e-8c6f21e518e6', NULL, NULL, 8);
INSERT INTO observation VALUES (88, 5, '2015-05-21 19:35:00', '2015-05-21 02:30:00', '2015-05-21 02:30:00', NULL, NULL, 'F', '21/5/2015e11dafe9-510f-44e7-a82c-f146b1cab34e', NULL, NULL, 11);
INSERT INTO observation VALUES (89, 5, '2015-05-21 19:50:00', '2015-05-21 02:30:00', '2015-05-21 02:30:00', NULL, NULL, 'F', '21/5/201553106b9f-fcdb-49db-b200-3470997f5e8d', NULL, NULL, 9);
INSERT INTO observation VALUES (90, 5, '2015-05-21 20:05:00', '2015-05-21 02:45:00', '2015-05-21 02:45:00', NULL, NULL, 'F', '21/5/20158e9c9392-548a-416a-ac95-3f95d8afa76c', NULL, NULL, 10);
INSERT INTO observation VALUES (91, 5, '2015-05-21 20:20:00', '2015-05-21 02:45:00', '2015-05-21 02:45:00', NULL, NULL, 'F', '21/5/2015daab9cc3-ceec-4f96-ba6f-5e01de86df3b', NULL, NULL, 7);
INSERT INTO observation VALUES (92, 5, '2015-05-21 20:35:00', '2015-05-21 02:45:00', '2015-05-21 02:45:00', NULL, NULL, 'F', '21/5/2015f309f9fb-3f9c-4393-b85b-ef97fbd00f53', NULL, NULL, 20);
INSERT INTO observation VALUES (93, 5, '2015-05-21 20:50:00', '2015-05-21 02:45:00', '2015-05-21 02:45:00', NULL, NULL, 'F', '21/5/2015fdafde58-d048-4623-9e88-188437bf0721', NULL, NULL, 6);
INSERT INTO observation VALUES (94, 5, '2015-05-21 21:05:00', '2015-05-21 02:45:00', '2015-05-21 02:45:00', NULL, NULL, 'F', '21/5/201532fd52c6-3b0d-49fe-9773-a9b905b54fb5', NULL, NULL, 7);
INSERT INTO observation VALUES (95, 5, '2015-05-21 21:20:00', '2015-05-21 02:45:00', '2015-05-21 02:45:00', NULL, NULL, 'F', '21/5/201503f183a2-1c76-4a03-a995-49dcb03246a5', NULL, NULL, 8);
INSERT INTO observation VALUES (96, 5, '2015-05-21 23:30:00', '2015-05-21 02:45:00', '2015-05-21 02:45:00', NULL, NULL, 'F', '21/5/201506491460-dbc1-44c2-81f8-44a8fbb0b750', NULL, NULL, 11);
INSERT INTO observation VALUES (97, 6, '2015-05-21 07:00:00', '2015-05-21 02:45:00', '2015-05-21 02:45:00', NULL, NULL, 'F', '21/5/2015a0b417bd-d85a-489c-aa0d-f81481cfbbed', NULL, NULL, 9);
INSERT INTO observation VALUES (98, 6, '2015-05-21 09:00:00', '2015-05-21 03:00:00', '2015-05-21 03:00:00', NULL, NULL, 'F', '21/5/2015b09cc0bf-3fa2-455f-badc-42dbd02c5d89', NULL, NULL, 10);
INSERT INTO observation VALUES (99, 6, '2015-05-21 10:00:00', '2015-05-21 03:00:00', '2015-05-21 03:00:00', NULL, NULL, 'F', '21/5/2015670e73af-3a66-4d94-94cf-8c5c38f81e7d', NULL, NULL, 7);
INSERT INTO observation VALUES (100, 6, '2015-05-21 12:00:00', '2015-05-21 03:00:00', '2015-05-21 03:00:00', NULL, NULL, 'F', '21/5/2015452ad086-0835-4e30-afb5-d04ecd443b35', NULL, NULL, 20);
INSERT INTO observation VALUES (101, 6, '2015-05-21 13:00:00', '2015-05-21 03:00:00', '2015-05-21 03:00:00', NULL, NULL, 'F', '21/5/2015036a4c59-4b24-4311-9708-180bcd089633', NULL, NULL, 6);
INSERT INTO observation VALUES (115, 6, '2015-05-21 15:00:00', '2015-05-21 03:30:00', '2015-05-21 03:30:00', NULL, NULL, 'F', '21/5/20151108a797-9fcc-4d5c-82e4-dbed2293a62d', NULL, NULL, 7);
INSERT INTO observation VALUES (116, 6, '2015-05-21 17:00:00', '2015-05-21 03:30:00', '2015-05-21 03:30:00', NULL, NULL, 'F', '21/5/20153294c25f-7082-45e1-ab64-cf37540860bd', NULL, NULL, 20);
INSERT INTO observation VALUES (117, 6, '2015-05-21 19:00:00', '2015-05-21 03:30:00', '2015-05-21 03:30:00', NULL, NULL, 'F', '21/5/201549ee07fd-368a-4e5c-9f4a-89788d53743a', NULL, NULL, 6);
INSERT INTO observation VALUES (118, 6, '2015-05-21 19:15:00', '2015-05-21 03:30:00', '2015-05-21 03:30:00', NULL, NULL, 'F', '21/5/201584540683-c156-4af9-adcd-2b242dad78a9', NULL, NULL, 7);
INSERT INTO observation VALUES (119, 6, '2015-05-21 19:25:00', '2015-05-21 03:30:00', '2015-05-21 03:30:00', NULL, NULL, 'F', '21/5/201597af2d56-0fee-4101-8fcd-b5d70573729f', NULL, NULL, 8);
INSERT INTO observation VALUES (120, 6, '2015-05-21 19:35:00', '2015-05-21 03:30:00', '2015-05-21 03:30:00', NULL, NULL, 'F', '21/5/2015305e1504-25c8-40ca-bb31-3df1e4a59803', NULL, NULL, 11);
INSERT INTO observation VALUES (121, 6, '2015-05-21 19:50:00', '2015-05-21 03:30:00', '2015-05-21 03:30:00', NULL, NULL, 'F', '21/5/2015d249c12b-136e-4023-a999-59daeb7f0b46', NULL, NULL, 9);
INSERT INTO observation VALUES (122, 6, '2015-05-21 20:05:00', '2015-05-21 03:45:00', '2015-05-21 03:45:00', NULL, NULL, 'F', '21/5/201520e08342-28c9-4bde-bead-ec0f4f6ddb9d', NULL, NULL, 10);
INSERT INTO observation VALUES (123, 6, '2015-05-21 20:20:00', '2015-05-21 03:45:00', '2015-05-21 03:45:00', NULL, NULL, 'F', '21/5/20150b03ef64-b323-4748-bbf2-c0b6386389df', NULL, NULL, 7);
INSERT INTO observation VALUES (124, 6, '2015-05-21 20:35:00', '2015-05-21 03:45:00', '2015-05-21 03:45:00', NULL, NULL, 'F', '21/5/2015e5a10f56-d27b-4ebb-91e6-06930e2d71e4', NULL, NULL, 20);
INSERT INTO observation VALUES (125, 6, '2015-05-21 20:50:00', '2015-05-21 03:45:00', '2015-05-21 03:45:00', NULL, NULL, 'F', '21/5/20150234d92c-9b4f-49fb-95f4-1771dfa24745', NULL, NULL, 6);
INSERT INTO observation VALUES (126, 6, '2015-05-21 21:05:00', '2015-05-21 03:45:00', '2015-05-21 03:45:00', NULL, NULL, 'F', '21/5/2015a4b45809-9e74-453c-b3cf-2f9e3335b93c', NULL, NULL, 7);
INSERT INTO observation VALUES (127, 6, '2015-05-21 21:20:00', '2015-05-21 03:45:00', '2015-05-21 03:45:00', NULL, NULL, 'F', '21/5/2015a19922b1-5a73-4663-a86b-ef0187686a83', NULL, NULL, 8);
INSERT INTO observation VALUES (128, 6, '2015-05-21 23:30:00', '2015-05-21 03:45:00', '2015-05-21 03:45:00', NULL, NULL, 'F', '21/5/2015efff0f46-2097-4d87-8fdb-0863656a44cc', NULL, NULL, 11);
INSERT INTO observation VALUES (129, 7, '2015-05-21 07:00:00', '2015-05-21 03:45:00', '2015-05-21 03:45:00', NULL, NULL, 'F', '21/5/20153b3e60ca-8c99-4ec6-a39e-3aea6b70cf76', NULL, NULL, 9);
INSERT INTO observation VALUES (130, 7, '2015-05-21 09:00:00', '2015-05-21 04:00:00', '2015-05-21 04:00:00', NULL, NULL, 'F', '21/5/20158a4ccef3-85d2-4793-bc67-4dfcf0fff498', NULL, NULL, 10);
INSERT INTO observation VALUES (131, 7, '2015-05-21 10:00:00', '2015-05-21 04:00:00', '2015-05-21 04:00:00', NULL, NULL, 'F', '21/5/2015ba10a622-1559-4d99-b706-c16f10b6c90f', NULL, NULL, 7);
INSERT INTO observation VALUES (132, 7, '2015-05-21 12:00:00', '2015-05-21 04:00:00', '2015-05-21 04:00:00', NULL, NULL, 'F', '21/5/2015510daf5a-e76e-4c15-ab67-9b322aceff59', NULL, NULL, 20);
INSERT INTO observation VALUES (133, 7, '2015-05-21 13:00:00', '2015-05-21 04:00:00', '2015-05-21 04:00:00', NULL, NULL, 'F', '21/5/2015ed9d9138-069a-46ce-ba42-7b6808cc3ac7', NULL, NULL, 6);
INSERT INTO observation VALUES (134, 7, '2015-05-21 15:00:00', '2015-05-21 04:00:00', '2015-05-21 04:00:00', NULL, NULL, 'F', '21/5/2015db0c6304-e227-4d81-b95e-2adcf05a824d', NULL, NULL, 7);
INSERT INTO observation VALUES (135, 7, '2015-05-21 17:00:00', '2015-05-21 04:00:00', '2015-05-21 04:00:00', NULL, NULL, 'F', '21/5/2015e6681a7f-168d-4792-beb5-b2c1b96fd871', NULL, NULL, 8);
INSERT INTO observation VALUES (137, 7, '2015-05-21 19:15:00', '2015-05-21 04:00:00', '2015-05-21 04:00:00', NULL, NULL, 'F', '21/5/20159fc7b6ed-2441-4cd9-ae83-247908b7e971', NULL, NULL, 9);
INSERT INTO observation VALUES (138, 7, '2015-05-21 19:25:00', '2015-05-21 04:15:00', '2015-05-21 04:15:00', NULL, NULL, 'F', '21/5/2015b205cf66-5227-4321-8e63-5a78566db2d7', NULL, NULL, 10);
INSERT INTO observation VALUES (139, 7, '2015-05-21 19:35:00', '2015-05-21 04:15:00', '2015-05-21 04:15:00', NULL, NULL, 'F', '21/5/2015d7d5235b-0e5d-48e0-86b0-290a90de99c6', NULL, NULL, 7);
INSERT INTO observation VALUES (140, 7, '2015-05-21 19:50:00', '2015-05-21 04:15:00', '2015-05-21 04:15:00', NULL, NULL, 'F', '21/5/2015b811d8ee-6e8c-4ca0-a41c-50a70edd1f01', NULL, NULL, 20);
INSERT INTO observation VALUES (141, 7, '2015-05-21 20:05:00', '2015-05-21 04:15:00', '2015-05-21 04:15:00', NULL, NULL, 'F', '21/5/2015c0632b7c-e6ef-4398-93d9-a409ac4cfbd1', NULL, NULL, 6);
INSERT INTO observation VALUES (142, 7, '2015-05-21 20:20:00', '2015-05-21 04:15:00', '2015-05-21 04:15:00', NULL, NULL, 'F', '21/5/2015525b2201-2b7c-4ba0-a841-c33cb08ff695', NULL, NULL, 7);
INSERT INTO observation VALUES (143, 7, '2015-05-21 20:35:00', '2015-05-21 04:15:00', '2015-05-21 04:15:00', NULL, NULL, 'F', '21/5/20154f4bd81d-983f-4c95-80fc-637a42e8634b', NULL, NULL, 8);
INSERT INTO observation VALUES (144, 7, '2015-05-21 20:50:00', '2015-05-21 04:15:00', '2015-05-21 04:15:00', NULL, NULL, 'F', '21/5/20156731f0c8-1616-4dc9-97e2-505753ade333', NULL, NULL, 11);
INSERT INTO observation VALUES (145, 7, '2015-05-21 21:05:00', '2015-05-21 04:15:00', '2015-05-21 04:15:00', NULL, NULL, 'F', '21/5/2015a99da834-a25f-4981-b2bf-01b78e22fe16', NULL, NULL, 9);
INSERT INTO observation VALUES (146, 7, '2015-05-21 21:20:00', '2015-05-21 04:30:00', '2015-05-21 04:30:00', NULL, NULL, 'F', '21/5/2015696627ab-b6e5-4742-8168-034ec1334af3', NULL, NULL, 10);
INSERT INTO observation VALUES (147, 7, '2015-05-21 23:30:00', '2015-05-21 04:30:00', '2015-05-21 04:30:00', NULL, NULL, 'F', '21/5/2015842168a9-3046-40e4-ab07-c71444cc556a', NULL, NULL, 7);
INSERT INTO observation VALUES (148, 8, '2015-05-21 07:00:00', '2015-05-21 04:30:00', '2015-05-21 04:30:00', NULL, NULL, 'F', '21/5/20155a15d599-a0c5-4fb0-9155-44f1dd2f2b8b', NULL, NULL, 20);
INSERT INTO observation VALUES (149, 8, '2015-05-21 09:00:00', '2015-05-21 04:30:00', '2015-05-21 04:30:00', NULL, NULL, 'F', '21/5/2015b262bdbd-e6f0-46b7-b7e8-725814d2914e', NULL, NULL, 6);
INSERT INTO observation VALUES (150, 8, '2015-05-21 10:00:00', '2015-05-21 04:30:00', '2015-05-21 04:30:00', NULL, NULL, 'F', '21/5/2015ecc2cd6e-7532-4d9d-acbb-a2548e065a37', NULL, NULL, 7);
INSERT INTO observation VALUES (151, 8, '2015-05-21 12:00:00', '2015-05-21 04:30:00', '2015-05-21 04:30:00', NULL, NULL, 'F', '21/5/20156a2714d4-dc4e-4c3a-9538-c451d8f75814', NULL, NULL, 8);
INSERT INTO observation VALUES (152, 8, '2015-05-21 13:00:00', '2015-05-21 04:30:00', '2015-05-21 04:30:00', NULL, NULL, 'F', '21/5/20157b0a7d67-e447-48d3-bcaa-65fe7f3d50cc', NULL, NULL, 11);
INSERT INTO observation VALUES (153, 8, '2015-05-21 15:00:00', '2015-05-21 04:30:00', '2015-05-21 04:30:00', NULL, NULL, 'F', '21/5/2015a3a28e0b-573f-45e0-b039-41f97de337f4', NULL, NULL, 9);
INSERT INTO observation VALUES (154, 8, '2015-05-21 17:00:00', '2015-05-21 04:45:00', '2015-05-21 04:45:00', NULL, NULL, 'F', '21/5/20155dd7885a-a91b-49b0-ab5f-b54cc4a25699', NULL, NULL, 10);
INSERT INTO observation VALUES (155, 8, '2015-05-21 19:00:00', '2015-05-21 04:45:00', '2015-05-21 04:45:00', NULL, NULL, 'F', '21/5/2015b209ede2-caba-4e5b-ae69-8d14f1962ce5', NULL, NULL, 7);
INSERT INTO observation VALUES (156, 8, '2015-05-21 19:15:00', '2015-05-21 04:45:00', '2015-05-21 04:45:00', NULL, NULL, 'F', '21/5/20159bf03d1e-cc2f-420a-b137-68e408f3acc9', NULL, NULL, 20);
INSERT INTO observation VALUES (157, 8, '2015-05-21 19:25:00', '2015-05-21 04:45:00', '2015-05-21 04:45:00', NULL, NULL, 'F', '21/5/20159f00ac6f-11af-42a3-93ce-238fc825f6f4', NULL, NULL, 6);
INSERT INTO observation VALUES (158, 8, '2015-05-21 19:35:00', '2015-05-21 04:45:00', '2015-05-21 04:45:00', NULL, NULL, 'F', '21/5/20150c5d61c3-bbfc-4b7f-8b04-43c9586e75a4', NULL, NULL, 7);
INSERT INTO observation VALUES (159, 8, '2015-05-21 19:50:00', '2015-05-21 04:45:00', '2015-05-21 04:45:00', NULL, NULL, 'F', '21/5/20154120352d-e869-4559-b818-3901847638d5', NULL, NULL, 8);
INSERT INTO observation VALUES (160, 8, '2015-05-21 20:05:00', '2015-05-21 04:45:00', '2015-05-21 04:45:00', NULL, NULL, 'F', '21/5/201521cf6673-f01b-421d-b780-478668a91c26', NULL, NULL, 11);
INSERT INTO observation VALUES (161, 8, '2015-05-21 20:20:00', '2015-05-21 04:45:00', '2015-05-21 04:45:00', NULL, NULL, 'F', '21/5/20150499ab89-37c1-4875-aa06-84d4054e535d', NULL, NULL, 9);
INSERT INTO observation VALUES (162, 8, '2015-05-21 20:35:00', '2015-05-21 05:00:00', '2015-05-21 05:00:00', NULL, NULL, 'F', '21/5/20151ef6d491-5ad5-481e-b627-8f7a59402376', NULL, NULL, 10);
INSERT INTO observation VALUES (163, 8, '2015-05-21 20:50:00', '2015-05-21 05:00:00', '2015-05-21 05:00:00', NULL, NULL, 'F', '21/5/2015b08eddba-4cbe-4b27-b749-2c8996dd8ea0', NULL, NULL, 7);
INSERT INTO observation VALUES (164, 8, '2015-05-21 21:05:00', '2015-05-21 05:00:00', '2015-05-21 05:00:00', NULL, NULL, 'F', '21/5/2015c992a18f-8ff5-411a-8257-151d6aea5308', NULL, NULL, 20);
INSERT INTO observation VALUES (165, 8, '2015-05-21 21:20:00', '2015-05-21 05:00:00', '2015-05-21 05:00:00', NULL, NULL, 'F', '21/5/20150594c21a-a0e4-4f96-a1ec-39456517c479', NULL, NULL, 6);
INSERT INTO observation VALUES (166, 8, '2015-05-21 23:30:00', '2015-05-21 05:00:00', '2015-05-21 05:00:00', NULL, NULL, 'F', '21/5/2015ff3ba820-1c41-4719-be88-f5e4d02c913d', NULL, NULL, 7);


--
-- TOC entry 4186 (class 0 OID 18517)
-- Dependencies: 276
-- Data for Name: observationconstellation; Type: TABLE DATA; Schema: public; Owner: postgres
--



--
-- TOC entry 4255 (class 0 OID 0)
-- Dependencies: 277
-- Name: observationconstellationid_seq; Type: SEQUENCE SET; Schema: public; Owner: postgres
--

SELECT pg_catalog.setval('observationconstellationid_seq', 1, false);


--
-- TOC entry 4188 (class 0 OID 18526)
-- Dependencies: 278
-- Data for Name: observationhasoffering; Type: TABLE DATA; Schema: public; Owner: postgres
--



--
-- TOC entry 4256 (class 0 OID 0)
-- Dependencies: 274
-- Name: observationid_seq; Type: SEQUENCE SET; Schema: public; Owner: postgres
--

SELECT pg_catalog.setval('observationid_seq', 2155879, true);


--
-- TOC entry 4189 (class 0 OID 18529)
-- Dependencies: 279
-- Data for Name: observationtype; Type: TABLE DATA; Schema: public; Owner: postgres
--



--
-- TOC entry 4257 (class 0 OID 0)
-- Dependencies: 280
-- Name: observationtypeid_seq; Type: SEQUENCE SET; Schema: public; Owner: postgres
--

SELECT pg_catalog.setval('observationtypeid_seq', 1, false);


--
-- TOC entry 4191 (class 0 OID 18534)
-- Dependencies: 281
-- Data for Name: offering; Type: TABLE DATA; Schema: public; Owner: postgres
--



--
-- TOC entry 4192 (class 0 OID 18540)
-- Dependencies: 282
-- Data for Name: offeringallowedfeaturetype; Type: TABLE DATA; Schema: public; Owner: postgres
--



--
-- TOC entry 4193 (class 0 OID 18543)
-- Dependencies: 283
-- Data for Name: offeringallowedobservationtype; Type: TABLE DATA; Schema: public; Owner: postgres
--



--
-- TOC entry 4194 (class 0 OID 18546)
-- Dependencies: 284
-- Data for Name: offeringhasrelatedfeature; Type: TABLE DATA; Schema: public; Owner: postgres
--



--
-- TOC entry 4258 (class 0 OID 0)
-- Dependencies: 285
-- Name: offeringid_seq; Type: SEQUENCE SET; Schema: public; Owner: postgres
--

SELECT pg_catalog.setval('offeringid_seq', 1, false);


--
-- TOC entry 4196 (class 0 OID 18551)
-- Dependencies: 286
-- Data for Name: parameter; Type: TABLE DATA; Schema: public; Owner: postgres
--



--
-- TOC entry 4259 (class 0 OID 0)
-- Dependencies: 287
-- Name: parameterid_seq; Type: SEQUENCE SET; Schema: public; Owner: postgres
--

SELECT pg_catalog.setval('parameterid_seq', 1, false);


--
-- TOC entry 4260 (class 0 OID 0)
-- Dependencies: 288
-- Name: procdescformatid_seq; Type: SEQUENCE SET; Schema: public; Owner: postgres
--

SELECT pg_catalog.setval('procdescformatid_seq', 1, false);


--
-- TOC entry 4199 (class 0 OID 18561)
-- Dependencies: 289
-- Data for Name: procedure; Type: TABLE DATA; Schema: public; Owner: postgres
--

INSERT INTO procedure VALUES (1, 'N', 1, 'LM35', 'F', 'Analog Temperature');
INSERT INTO procedure VALUES (3, 'N', 1, 'LM393', 'F', 'Soil Moisture');
INSERT INTO procedure VALUES (2, 'N', 1, 'DHT22', 'F', 'Digital Measurement');


--
-- TOC entry 4200 (class 0 OID 18569)
-- Dependencies: 290
-- Data for Name: proceduredescriptionformat; Type: TABLE DATA; Schema: public; Owner: postgres
--

INSERT INTO proceduredescriptionformat VALUES (1, '  ');
INSERT INTO proceduredescriptionformat VALUES (2, '     ');


--
-- TOC entry 4261 (class 0 OID 0)
-- Dependencies: 291
-- Name: procedureid_seq; Type: SEQUENCE SET; Schema: public; Owner: postgres
--

SELECT pg_catalog.setval('procedureid_seq', 13, true);


--
-- TOC entry 4202 (class 0 OID 18574)
-- Dependencies: 292
-- Data for Name: relatedfeature; Type: TABLE DATA; Schema: public; Owner: postgres
--



--
-- TOC entry 4203 (class 0 OID 18577)
-- Dependencies: 293
-- Data for Name: relatedfeaturehasrole; Type: TABLE DATA; Schema: public; Owner: postgres
--



--
-- TOC entry 4262 (class 0 OID 0)
-- Dependencies: 294
-- Name: relatedfeatureid_seq; Type: SEQUENCE SET; Schema: public; Owner: postgres
--

SELECT pg_catalog.setval('relatedfeatureid_seq', 1, false);


--
-- TOC entry 4205 (class 0 OID 18582)
-- Dependencies: 295
-- Data for Name: relatedfeaturerole; Type: TABLE DATA; Schema: public; Owner: postgres
--



--
-- TOC entry 4263 (class 0 OID 0)
-- Dependencies: 296
-- Name: relatedfeatureroleid_seq; Type: SEQUENCE SET; Schema: public; Owner: postgres
--

SELECT pg_catalog.setval('relatedfeatureroleid_seq', 1, false);


--
-- TOC entry 4207 (class 0 OID 18587)
-- Dependencies: 297
-- Data for Name: resulttemplate; Type: TABLE DATA; Schema: public; Owner: postgres
--



--
-- TOC entry 4264 (class 0 OID 0)
-- Dependencies: 298
-- Name: resulttemplateid_seq; Type: SEQUENCE SET; Schema: public; Owner: postgres
--

SELECT pg_catalog.setval('resulttemplateid_seq', 1, false);


--
-- TOC entry 4209 (class 0 OID 18595)
-- Dependencies: 299
-- Data for Name: sensorsystem; Type: TABLE DATA; Schema: public; Owner: postgres
--



--
-- TOC entry 4211 (class 0 OID 18600)
-- Dependencies: 301
-- Data for Name: series; Type: TABLE DATA; Schema: public; Owner: postgres
--

INSERT INTO series VALUES (1, 3, 3, 1, 'F');
INSERT INTO series VALUES (2, 3, 1, 2, 'F');
INSERT INTO series VALUES (3, 3, 2, 2, 'F');
INSERT INTO series VALUES (4, 3, 4, 3, 'F');
INSERT INTO series VALUES (5, 4, 3, 1, 'F');
INSERT INTO series VALUES (6, 4, 1, 2, 'F');
INSERT INTO series VALUES (7, 4, 2, 2, 'F');
INSERT INTO series VALUES (8, 4, 4, 3, 'F');
INSERT INTO series VALUES (9, 5, 3, 1, 'F');
INSERT INTO series VALUES (10, 5, 1, 2, 'F');
INSERT INTO series VALUES (11, 5, 2, 2, 'F');
INSERT INTO series VALUES (12, 5, 4, 3, 'F');


--
-- TOC entry 4265 (class 0 OID 0)
-- Dependencies: 300
-- Name: seriesid_seq; Type: SEQUENCE SET; Schema: public; Owner: postgres
--

SELECT pg_catalog.setval('seriesid_seq', 42, true);


--
-- TOC entry 3873 (class 0 OID 16695)
-- Dependencies: 184
-- Data for Name: spatial_ref_sys; Type: TABLE DATA; Schema: public; Owner: postgres
--



--
-- TOC entry 4212 (class 0 OID 18606)
-- Dependencies: 302
-- Data for Name: spatialfilteringprofile; Type: TABLE DATA; Schema: public; Owner: postgres
--



--
-- TOC entry 4266 (class 0 OID 0)
-- Dependencies: 303
-- Name: spatialfilteringprofileid_seq; Type: SEQUENCE SET; Schema: public; Owner: postgres
--

SELECT pg_catalog.setval('spatialfilteringprofileid_seq', 1, false);


--
-- TOC entry 4214 (class 0 OID 18614)
-- Dependencies: 304
-- Data for Name: swedataarrayvalue; Type: TABLE DATA; Schema: public; Owner: postgres
--



--
-- TOC entry 4215 (class 0 OID 18620)
-- Dependencies: 305
-- Data for Name: textvalue; Type: TABLE DATA; Schema: public; Owner: postgres
--



--
-- TOC entry 4216 (class 0 OID 18626)
-- Dependencies: 306
-- Data for Name: unit; Type: TABLE DATA; Schema: public; Owner: postgres
--

INSERT INTO unit VALUES (1, 'm/s');
INSERT INTO unit VALUES (2, 'rad');
INSERT INTO unit VALUES (3, 'rV');
INSERT INTO unit VALUES (4, 'W/m');
INSERT INTO unit VALUES (5, 'mm');
INSERT INTO unit VALUES (6, 'kbps');
INSERT INTO unit VALUES (7, 'C');
INSERT INTO unit VALUES (9, 'V');
INSERT INTO unit VALUES (8, 'sec');
INSERT INTO unit VALUES (10, 'NTU');
INSERT INTO unit VALUES (11, 'S/cm');
INSERT INTO unit VALUES (15, 'ppm');
INSERT INTO unit VALUES (17, 'm');
INSERT INTO unit VALUES (20, 'mg/l');


--
-- TOC entry 4267 (class 0 OID 0)
-- Dependencies: 307
-- Name: unitid_seq; Type: SEQUENCE SET; Schema: public; Owner: postgres
--

SELECT pg_catalog.setval('unitid_seq', 20, true);


--
-- TOC entry 4218 (class 0 OID 18631)
-- Dependencies: 308
-- Data for Name: user_role; Type: TABLE DATA; Schema: public; Owner: postgres
--

INSERT INTO user_role VALUES (2, 'user', NULL);
INSERT INTO user_role VALUES (1, 'admin', NULL);


--
-- TOC entry 4230 (class 0 OID 52493)
-- Dependencies: 320
-- Data for Name: userprofile; Type: TABLE DATA; Schema: public; Owner: postgres
--

INSERT INTO userprofile VALUES (2, 'geor', 'geor', 'pol', NULL, NULL, NULL, NULL, NULL, NULL);
INSERT INTO userprofile VALUES (3, 'stef', 'kour', 'kour', NULL, NULL, NULL, NULL, NULL, NULL);
INSERT INTO userprofile VALUES (4, 'kostas', 'tacoon', 'rac', NULL, NULL, NULL, NULL, NULL, NULL);
INSERT INTO userprofile VALUES (5, 'ydro', 'ydro', 'ydro', NULL, NULL, NULL, NULL, NULL, NULL);
INSERT INTO userprofile VALUES (1, 'dim', 'smirn', 'alex', '1988-03-04', 'filade', '555', '123', '5678954', '456445');


--
-- TOC entry 4219 (class 0 OID 18634)
-- Dependencies: 309
-- Data for Name: users; Type: TABLE DATA; Schema: public; Owner: postgres
--

INSERT INTO users VALUES ('dim', '123', 'dim@gmail.com', 2, 1);
INSERT INTO users VALUES ('george', '123', 'g@gmail.com', 1, 2);
INSERT INTO users VALUES ('stef', '123123', 'stef@gmail.com', 2, 3);
INSERT INTO users VALUES ('kostas', '123456', 'kostas@email.gr', 1, 4);
INSERT INTO users VALUES ('ydro', '123456', 'ydro@in.gr', 1, 5);


--
-- TOC entry 4268 (class 0 OID 0)
-- Dependencies: 310
-- Name: users_user_id_seq; Type: SEQUENCE SET; Schema: public; Owner: postgres
--

SELECT pg_catalog.setval('users_user_id_seq', 3, true);


--
-- TOC entry 4222 (class 0 OID 18641)
-- Dependencies: 312
-- Data for Name: uthbaldata; Type: TABLE DATA; Schema: public; Owner: postgres
--

INSERT INTO uthbaldata VALUES (2, 1960, 10, 30, 16.899999999999999, 30.699999999999999, 64.700000000000003, NULL, NULL, 1);
INSERT INTO uthbaldata VALUES (3, 1960, 11, 31, 12.4, 36, 35.600000000000001, NULL, NULL, 1);
INSERT INTO uthbaldata VALUES (4, 1960, 12, 30, 8.8000000000000007, 125.59999999999999, 20.800000000000001, NULL, NULL, 1);
INSERT INTO uthbaldata VALUES (5, 1961, 1, 28, 4.7999999999999998, 53.100000000000001, 8.5999999999999996, NULL, NULL, 1);
INSERT INTO uthbaldata VALUES (6, 1961, 2, 31, 5.7000000000000002, 29.5, 11.199999999999999, NULL, NULL, 1);
INSERT INTO uthbaldata VALUES (7, 1961, 3, 30, 10.4, 69.200000000000003, 33.799999999999997, NULL, NULL, 1);
INSERT INTO uthbaldata VALUES (8, 1961, 4, 31, 14.300000000000001, 30.899999999999999, 58.600000000000001, NULL, NULL, 1);
INSERT INTO uthbaldata VALUES (9, 1961, 5, 30, 17.600000000000001, 30.5, 89.5, NULL, NULL, 1);
INSERT INTO uthbaldata VALUES (10, 1961, 6, 31, 22.100000000000001, 22.300000000000001, 126.59999999999999, NULL, NULL, 1);
INSERT INTO uthbaldata VALUES (11, 1961, 7, 30, 23.899999999999999, 28.199999999999999, 144.59999999999999, NULL, NULL, 1);
INSERT INTO uthbaldata VALUES (12, 1961, 8, 31, 23.899999999999999, 11.6, 134.90000000000001, NULL, NULL, 1);
INSERT INTO uthbaldata VALUES (13, 1961, 9, 31, 19.800000000000001, 17.5, 89.5, NULL, NULL, 1);
INSERT INTO uthbaldata VALUES (14, 1961, 10, 30, 15.4, 65.799999999999997, 56.5, NULL, NULL, 1);
INSERT INTO uthbaldata VALUES (15, 1961, 11, 31, 12, 55.899999999999999, 34, NULL, NULL, 1);
INSERT INTO uthbaldata VALUES (16, 1961, 12, 30, 5.5999999999999996, 67.200000000000003, 10.699999999999999, NULL, NULL, 1);
INSERT INTO uthbaldata VALUES (17, 1962, 1, 28, 4.9000000000000004, 31.899999999999999, 8.9000000000000004, NULL, NULL, 1);
INSERT INTO uthbaldata VALUES (18, 1962, 2, 31, 4.7000000000000002, 48.700000000000003, 8.5, NULL, NULL, 1);
INSERT INTO uthbaldata VALUES (19, 1962, 3, 30, 9.8000000000000007, 38.799999999999997, 30.699999999999999, NULL, NULL, 1);
INSERT INTO uthbaldata VALUES (20, 1962, 4, 31, 12.9, 24.600000000000001, 50.100000000000001, NULL, NULL, 1);
INSERT INTO uthbaldata VALUES (21, 1962, 5, 30, 18.399999999999999, 27.100000000000001, 95.400000000000006, NULL, NULL, 1);
INSERT INTO uthbaldata VALUES (22, 1962, 6, 31, 22, 7.7000000000000002, 125.40000000000001, NULL, NULL, 1);
INSERT INTO uthbaldata VALUES (23, 1962, 7, 30, 24.5, 21.600000000000001, 149.80000000000001, NULL, NULL, 1);
INSERT INTO uthbaldata VALUES (24, 1962, 8, 31, 24.899999999999999, 8.1999999999999993, 143.40000000000001, NULL, NULL, 1);
INSERT INTO uthbaldata VALUES (25, 1962, 9, 31, 19.800000000000001, 242.90000000000001, 89.299999999999997, NULL, NULL, 1);
INSERT INTO uthbaldata VALUES (26, 1962, 10, 30, 15.199999999999999, 139.40000000000001, 55.299999999999997, NULL, NULL, 1);
INSERT INTO uthbaldata VALUES (27, 1962, 11, 31, 12.6, 92.799999999999997, 36.600000000000001, NULL, NULL, 1);
INSERT INTO uthbaldata VALUES (28, 1962, 12, 30, 4.7000000000000002, 122.59999999999999, 8.1999999999999993, NULL, NULL, 1);
INSERT INTO uthbaldata VALUES (29, 1963, 1, 28, 4.2999999999999998, 66.799999999999997, 7.4000000000000004, NULL, NULL, 1);
INSERT INTO uthbaldata VALUES (30, 1963, 2, 31, 6.5, 50.299999999999997, 13.800000000000001, NULL, NULL, 1);
INSERT INTO uthbaldata VALUES (31, 1963, 3, 30, 7.7999999999999998, 53.299999999999997, 22.199999999999999, NULL, NULL, 1);
INSERT INTO uthbaldata VALUES (32, 1963, 4, 31, 12.6, 27.899999999999999, 48.299999999999997, NULL, NULL, 1);
INSERT INTO uthbaldata VALUES (33, 1963, 5, 30, 16.699999999999999, 44.299999999999997, 82.599999999999994, NULL, NULL, 1);
INSERT INTO uthbaldata VALUES (34, 1963, 6, 31, 21.899999999999999, 18.199999999999999, 124.40000000000001, NULL, NULL, 1);
INSERT INTO uthbaldata VALUES (35, 1963, 7, 30, 24.300000000000001, 22.100000000000001, 148.30000000000001, NULL, NULL, 1);
INSERT INTO uthbaldata VALUES (36, 1963, 8, 31, 24.699999999999999, 15, 141.40000000000001, NULL, NULL, 1);
INSERT INTO uthbaldata VALUES (37, 1963, 9, 31, 19.800000000000001, 18.699999999999999, 89.200000000000003, NULL, NULL, 1);
INSERT INTO uthbaldata VALUES (38, 1963, 10, 30, 15.1, 126.09999999999999, 54.799999999999997, NULL, NULL, 1);
INSERT INTO uthbaldata VALUES (39, 1963, 11, 31, 12, 69.700000000000003, 33.799999999999997, NULL, NULL, 1);
INSERT INTO uthbaldata VALUES (40, 1963, 12, 30, 6.9000000000000004, 66.200000000000003, 14.5, NULL, NULL, 1);
INSERT INTO uthbaldata VALUES (41, 1964, 1, 28, 3.7000000000000002, 51.100000000000001, 6, NULL, NULL, 1);
INSERT INTO uthbaldata VALUES (42, 1964, 2, 31, 5.7000000000000002, 28, 11.1, NULL, NULL, 1);
INSERT INTO uthbaldata VALUES (43, 1964, 3, 30, 9.0999999999999996, 62, 27.699999999999999, NULL, NULL, 1);
INSERT INTO uthbaldata VALUES (44, 1964, 4, 31, 12.6, 23.199999999999999, 48.299999999999997, NULL, NULL, 1);
INSERT INTO uthbaldata VALUES (45, 1964, 5, 30, 16.600000000000001, 49.100000000000001, 81.700000000000003, NULL, NULL, 1);
INSERT INTO uthbaldata VALUES (46, 1964, 6, 31, 21.199999999999999, 41.899999999999999, 118.8, NULL, NULL, 1);
INSERT INTO uthbaldata VALUES (47, 1964, 7, 30, 23.199999999999999, 21, 138.30000000000001, NULL, NULL, 1);
INSERT INTO uthbaldata VALUES (48, 1964, 8, 31, 23.199999999999999, 9.5, 128.69999999999999, NULL, NULL, 1);
INSERT INTO uthbaldata VALUES (49, 1964, 9, 31, 19.699999999999999, 81.299999999999997, 88.799999999999997, NULL, NULL, 1);
INSERT INTO uthbaldata VALUES (50, 1964, 10, 30, 16.399999999999999, 43.5, 62.100000000000001, NULL, NULL, 1);
INSERT INTO uthbaldata VALUES (51, 1964, 11, 31, 11.300000000000001, 50.299999999999997, 31.199999999999999, NULL, NULL, 1);
INSERT INTO uthbaldata VALUES (52, 1964, 12, 30, 6.7999999999999998, 65.799999999999997, 14.199999999999999, NULL, NULL, 1);
INSERT INTO uthbaldata VALUES (53, 1965, 1, 28, 5.0999999999999996, 72.299999999999997, 9.5, NULL, NULL, 1);
INSERT INTO uthbaldata VALUES (54, 1965, 2, 31, 3.3999999999999999, 51.5, 5.0999999999999996, NULL, NULL, 1);
INSERT INTO uthbaldata VALUES (55, 1965, 3, 30, 8.5999999999999996, 53.200000000000003, 25.600000000000001, NULL, NULL, 1);
INSERT INTO uthbaldata VALUES (56, 1965, 4, 31, 12, 43.899999999999999, 44.899999999999999, NULL, NULL, 1);
INSERT INTO uthbaldata VALUES (57, 1965, 5, 30, 16.5, 33.899999999999999, 81.299999999999997, NULL, NULL, 1);
INSERT INTO uthbaldata VALUES (58, 1965, 6, 31, 21.5, 34.100000000000001, 121, NULL, NULL, 1);
INSERT INTO uthbaldata VALUES (59, 1965, 7, 30, 24.300000000000001, 57.299999999999997, 147.5, NULL, NULL, 1);
INSERT INTO uthbaldata VALUES (60, 1965, 8, 31, 22.5, 8.3000000000000007, 123.3, NULL, NULL, 1);
INSERT INTO uthbaldata VALUES (61, 1965, 9, 31, 19.800000000000001, 5.4000000000000004, 89, NULL, NULL, 1);
INSERT INTO uthbaldata VALUES (62, 1965, 10, 30, 13.9, 35.200000000000003, 48.799999999999997, NULL, NULL, 1);
INSERT INTO uthbaldata VALUES (63, 1965, 11, 31, 10.5, 56.100000000000001, 27.699999999999999, NULL, NULL, 1);
INSERT INTO uthbaldata VALUES (64, 1965, 12, 30, 7.0999999999999996, 45, 15.1, NULL, NULL, 1);
INSERT INTO uthbaldata VALUES (65, 1966, 1, 28, 4.2000000000000002, 77.799999999999997, 7.0999999999999996, NULL, NULL, 1);
INSERT INTO uthbaldata VALUES (66, 1966, 2, 31, 9.1999999999999993, 25.100000000000001, 22.800000000000001, NULL, NULL, 1);
INSERT INTO uthbaldata VALUES (67, 1966, 3, 30, 8.9000000000000004, 50.799999999999997, 26.899999999999999, NULL, NULL, 1);
INSERT INTO uthbaldata VALUES (68, 1966, 4, 31, 13.699999999999999, 30.699999999999999, 54.899999999999999, NULL, NULL, 1);
INSERT INTO uthbaldata VALUES (69, 1966, 5, 30, 17, 53.600000000000001, 84.700000000000003, NULL, NULL, 1);
INSERT INTO uthbaldata VALUES (70, 1966, 6, 31, 20.800000000000001, 33.399999999999999, 115.2, NULL, NULL, 1);
INSERT INTO uthbaldata VALUES (71, 1966, 7, 30, 24.5, 10.9, 149.69999999999999, NULL, NULL, 1);
INSERT INTO uthbaldata VALUES (72, 1966, 8, 31, 24.699999999999999, 16.199999999999999, 141.09999999999999, 0.77000000000000002, 10.289999999999999, 1);
INSERT INTO uthbaldata VALUES (73, 1966, 9, 31, 19.800000000000001, 19.199999999999999, 89.200000000000003, 0.96999999999999997, 13.08, 1);
INSERT INTO uthbaldata VALUES (74, 1966, 10, 30, 18.899999999999999, 62.399999999999999, 76.900000000000006, 2.04, 27.43, 1);
INSERT INTO uthbaldata VALUES (75, 1966, 11, 31, 11.699999999999999, 109.90000000000001, 32.799999999999997, 8.1600000000000001, 109.68000000000001, 1);
INSERT INTO uthbaldata VALUES (76, 1966, 12, 30, 6.5999999999999996, 88.299999999999997, 13.5, 26, 349.70999999999998, 1);
INSERT INTO uthbaldata VALUES (77, 1967, 1, 28, 4.2000000000000002, 28.899999999999999, 7.2000000000000002, 4.2800000000000002, 57.520000000000003, 1);
INSERT INTO uthbaldata VALUES (78, 1967, 2, 31, 4.9000000000000004, 37.200000000000003, 9.0999999999999996, 3.8199999999999998, 51.399999999999999, 1);
INSERT INTO uthbaldata VALUES (79, 1967, 3, 30, 9.1999999999999993, 41.799999999999997, 28.199999999999999, 5.0700000000000003, 68.140000000000001, 1);
INSERT INTO uthbaldata VALUES (80, 1967, 4, 31, 12.5, 38.799999999999997, 48, 2.9199999999999999, 39.310000000000002, 1);
INSERT INTO uthbaldata VALUES (81, 1967, 5, 30, 17.399999999999999, 54.399999999999999, 87.5, 2.8399999999999999, 38.149999999999999, 1);
INSERT INTO uthbaldata VALUES (82, 1967, 6, 31, 20.699999999999999, 10.800000000000001, 114.40000000000001, 1, 13.460000000000001, 1);
INSERT INTO uthbaldata VALUES (83, 1967, 7, 30, 23, 42, 136.40000000000001, 0.76000000000000001, 10.199999999999999, 1);
INSERT INTO uthbaldata VALUES (84, 1967, 8, 31, 24.199999999999999, 27.100000000000001, 137.09999999999999, 4.0899999999999999, 55, 1);
INSERT INTO uthbaldata VALUES (85, 1967, 9, 31, 19.800000000000001, 111.8, 89.099999999999994, 2.98, 40.119999999999997, 1);
INSERT INTO uthbaldata VALUES (86, 1967, 10, 30, 16.5, 48.5, 62.799999999999997, 2.0699999999999998, 27.859999999999999, 1);
INSERT INTO uthbaldata VALUES (87, 1967, 11, 31, 11.1, 79.900000000000006, 30.199999999999999, 2.27, 30.559999999999999, 1);
INSERT INTO uthbaldata VALUES (88, 1967, 12, 30, 6.5, 64.900000000000006, 13.199999999999999, 4.1200000000000001, 55.380000000000003, 1);
INSERT INTO uthbaldata VALUES (89, 1968, 1, 28, 3, 64.099999999999994, 4.4000000000000004, 10.98, 147.62, 1);
INSERT INTO uthbaldata VALUES (90, 1968, 2, 31, 7.2999999999999998, 41.100000000000001, 16.300000000000001, 4.5599999999999996, 61.280000000000001, 1);
INSERT INTO uthbaldata VALUES (91, 1968, 3, 30, 8.1999999999999993, 48.299999999999997, 23.699999999999999, 4.4900000000000002, 60.369999999999997, 1);
INSERT INTO uthbaldata VALUES (92, 1968, 4, 31, 13.9, 27.899999999999999, 55.700000000000003, 2.1499999999999999, 28.960000000000001, 1);
INSERT INTO uthbaldata VALUES (93, 1968, 5, 30, 18.5, 72.299999999999997, 96.599999999999994, 5.2199999999999998, 70.219999999999999, 1);
INSERT INTO uthbaldata VALUES (94, 1968, 6, 31, 20.600000000000001, 18.300000000000001, 113.59999999999999, 1.3799999999999999, 18.539999999999999, 1);
INSERT INTO uthbaldata VALUES (95, 1968, 7, 30, 23.899999999999999, 7.7999999999999998, 144.59999999999999, 0.68999999999999995, 9.3100000000000005, 1);
INSERT INTO uthbaldata VALUES (96, 1968, 8, 31, 23.100000000000001, 9.5999999999999996, 127.8, 1.1899999999999999, 16.010000000000002, 1);
INSERT INTO uthbaldata VALUES (97, 1968, 9, 31, 19.800000000000001, 75.400000000000006, 89.099999999999994, 0.51000000000000001, 6.8399999999999999, 1);
INSERT INTO uthbaldata VALUES (98, 1968, 10, 30, 14.4, 111.59999999999999, 51.200000000000003, 1.5700000000000001, 21.07, 1);
INSERT INTO uthbaldata VALUES (99, 1968, 11, 31, 11.300000000000001, 91.400000000000006, 30.899999999999999, 6.29, 84.599999999999994, 1);
INSERT INTO uthbaldata VALUES (100, 1968, 12, 30, 6, 81.5, 11.699999999999999, 17.52, 235.55000000000001, 1);
INSERT INTO uthbaldata VALUES (101, 1969, 1, 28, 4.2999999999999998, 80.099999999999994, 7.5, 29.149999999999999, 391.97000000000003, 1);
INSERT INTO uthbaldata VALUES (102, 1969, 2, 31, 7.4000000000000004, 40, 16.600000000000001, 17.18, 230.99000000000001, 1);
INSERT INTO uthbaldata VALUES (103, 1969, 3, 30, 8.4000000000000004, 61.700000000000003, 24.5, 35.729999999999997, 480.51999999999998, 1);
INSERT INTO uthbaldata VALUES (104, 1969, 4, 31, 11.9, 25.399999999999999, 44.600000000000001, 10.49, 141.08000000000001, 1);
INSERT INTO uthbaldata VALUES (105, 1969, 5, 30, 18.5, 15.9, 96.099999999999994, 2.5, 33.609999999999999, 1);
INSERT INTO uthbaldata VALUES (106, 1969, 6, 31, 22, 14.6, 126, 1.1599999999999999, 15.65, 1);
INSERT INTO uthbaldata VALUES (107, 1969, 7, 30, 23.199999999999999, 9.6999999999999993, 138.40000000000001, 1.1899999999999999, 16.039999999999999, 1);
INSERT INTO uthbaldata VALUES (108, 1969, 8, 31, 23.800000000000001, 8.8000000000000007, 133.69999999999999, 0.92000000000000004, 12.41, 1);
INSERT INTO uthbaldata VALUES (109, 1969, 9, 31, 19.800000000000001, 35.100000000000001, 89.099999999999994, 3.0699999999999998, 41.280000000000001, 1);
INSERT INTO uthbaldata VALUES (110, 1969, 10, 30, 14.199999999999999, 26.699999999999999, 50.299999999999997, 1.6200000000000001, 21.829999999999998, 1);
INSERT INTO uthbaldata VALUES (111, 1969, 11, 31, 11.5, 39.899999999999999, 31.699999999999999, 2.25, 30.289999999999999, 1);
INSERT INTO uthbaldata VALUES (112, 1969, 12, 30, 6.9000000000000004, 103.90000000000001, 14.5, 9.0099999999999998, 121.22, 1);
INSERT INTO uthbaldata VALUES (113, 1970, 1, 28, 5.7000000000000002, 39.100000000000001, 11.199999999999999, 4.3700000000000001, 58.770000000000003, 1);
INSERT INTO uthbaldata VALUES (114, 1970, 2, 31, 7.5999999999999996, 55.600000000000001, 17.300000000000001, 2.5600000000000001, 34.43, 1);
INSERT INTO uthbaldata VALUES (115, 1970, 3, 30, 9.3000000000000007, 49.399999999999999, 28.600000000000001, 3.6299999999999999, 48.810000000000002, 1);
INSERT INTO uthbaldata VALUES (116, 1970, 4, 31, 13.800000000000001, 20.300000000000001, 55.200000000000003, 2.5, 33.640000000000001, 1);
INSERT INTO uthbaldata VALUES (117, 1970, 5, 30, 16.300000000000001, 74, 79.700000000000003, 3.6899999999999999, 49.57, 1);
INSERT INTO uthbaldata VALUES (118, 1970, 6, 31, 22.100000000000001, 27.100000000000001, 126.59999999999999, 1.9299999999999999, 26, 1);
INSERT INTO uthbaldata VALUES (119, 1970, 7, 30, 23.800000000000001, 16.800000000000001, 143, 0.65000000000000002, 8.8000000000000007, 1);
INSERT INTO uthbaldata VALUES (120, 1970, 8, 31, 24.600000000000001, 11.699999999999999, 140.19999999999999, 0.81999999999999995, 11.029999999999999, 1);
INSERT INTO uthbaldata VALUES (121, 1970, 9, 31, 19.800000000000001, 18.899999999999999, 89.200000000000003, 0.73999999999999999, 9.9199999999999999, 1);
INSERT INTO uthbaldata VALUES (122, 1970, 10, 30, 14.1, 39.899999999999999, 49.799999999999997, 3.98, 53.509999999999998, 1);
INSERT INTO uthbaldata VALUES (123, 1970, 11, 31, 10.300000000000001, 31.800000000000001, 27.199999999999999, 1.27, 17.129999999999999, 1);
INSERT INTO uthbaldata VALUES (124, 1970, 12, 30, 5.4000000000000004, 48.299999999999997, 10.199999999999999, 1.3600000000000001, 18.329999999999998, 1);
INSERT INTO uthbaldata VALUES (125, 1971, 1, 28, 5.5999999999999996, 56.399999999999999, 10.9, 3.2400000000000002, 43.619999999999997, 1);
INSERT INTO uthbaldata VALUES (126, 1971, 2, 31, 5.7000000000000002, 64.099999999999994, 11.1, 4.54, 60.990000000000002, 1);
INSERT INTO uthbaldata VALUES (127, 1971, 3, 30, 7.7000000000000002, 72.599999999999994, 21.399999999999999, 8.5099999999999998, 114.42, 1);
INSERT INTO uthbaldata VALUES (128, 1971, 4, 31, 12.1, 27.5, 45.700000000000003, 4.9800000000000004, 66.920000000000002, 1);
INSERT INTO uthbaldata VALUES (129, 1971, 5, 30, 18, 35, 92.599999999999994, 0.79000000000000004, 10.640000000000001, 1);
INSERT INTO uthbaldata VALUES (130, 1971, 6, 31, 22.699999999999999, 29.300000000000001, 131.5, 1.78, 23.940000000000001, 1);
INSERT INTO uthbaldata VALUES (131, 1971, 7, 30, 22.600000000000001, 57.799999999999997, 132.80000000000001, 1.6799999999999999, 22.649999999999999, 1);
INSERT INTO uthbaldata VALUES (132, 1971, 8, 31, 24.100000000000001, 17.899999999999999, 136.30000000000001, 1.29, 17.32, 1);
INSERT INTO uthbaldata VALUES (133, 1971, 9, 31, 19.699999999999999, 44.600000000000001, 88.700000000000003, 1.3400000000000001, 18.050000000000001, 1);
INSERT INTO uthbaldata VALUES (134, 1971, 10, 30, 13.199999999999999, 66, 44.700000000000003, 1.98, 26.579999999999998, 1);
INSERT INTO uthbaldata VALUES (135, 1971, 11, 31, 10.199999999999999, 19.5, 26.600000000000001, 1.45, 19.449999999999999, 1);
INSERT INTO uthbaldata VALUES (136, 1971, 12, 30, 5.9000000000000004, 45.700000000000003, 11.4, 2.52, 33.829999999999998, 1);
INSERT INTO uthbaldata VALUES (137, 1972, 1, 28, 4.9000000000000004, 63.200000000000003, 9, 3.96, 53.25, 1);
INSERT INTO uthbaldata VALUES (138, 1972, 2, 31, 6.0999999999999996, 63.100000000000001, 12.4, 1.8500000000000001, 24.84, 1);
INSERT INTO uthbaldata VALUES (139, 1972, 3, 30, 8.6999999999999993, 51.600000000000001, 26.100000000000001, 4.8300000000000001, 64.989999999999995, 1);
INSERT INTO uthbaldata VALUES (140, 1972, 4, 31, 13.300000000000001, 75, 52.100000000000001, 9.8200000000000003, 132.12, 1);
INSERT INTO uthbaldata VALUES (141, 1972, 5, 30, 17.5, 32.200000000000003, 88.799999999999997, 4.1500000000000004, 55.840000000000003, 1);
INSERT INTO uthbaldata VALUES (142, 1972, 6, 31, 23.100000000000001, 20.600000000000001, 134.90000000000001, 1.99, 26.75, 1);
INSERT INTO uthbaldata VALUES (143, 1972, 7, 30, 23.5, 107.7, 140.69999999999999, 2.4199999999999999, 32.530000000000001, 1);
INSERT INTO uthbaldata VALUES (144, 1972, 8, 31, 23.399999999999999, 24.399999999999999, 130.40000000000001, 2.3700000000000001, 31.850000000000001, 1);
INSERT INTO uthbaldata VALUES (145, 1972, 9, 31, 19.800000000000001, 36.700000000000003, 88.900000000000006, 2.02, 27.140000000000001, 1);
INSERT INTO uthbaldata VALUES (146, 1972, 10, 30, 11.800000000000001, 129.80000000000001, 38.100000000000001, 2.5299999999999998, 34.07, 1);
INSERT INTO uthbaldata VALUES (147, 1972, 11, 31, 10.9, 54.299999999999997, 29.399999999999999, 2.4399999999999999, 32.799999999999997, 1);
INSERT INTO uthbaldata VALUES (148, 1972, 12, 30, 5, 24.399999999999999, 9, 2.1800000000000002, 29.370000000000001, 1);
INSERT INTO uthbaldata VALUES (149, 1973, 1, 28, 4.2000000000000002, 61.5, 7.2000000000000002, 5.0700000000000003, 68.129999999999995, 1);
INSERT INTO uthbaldata VALUES (150, 1973, 2, 31, 6.2999999999999998, 38.399999999999999, 13.1, NULL, NULL, 1);
INSERT INTO uthbaldata VALUES (151, 1973, 3, 30, 6, 53.299999999999997, 14.699999999999999, 7.5300000000000002, 101.20999999999999, 1);
INSERT INTO uthbaldata VALUES (152, 1973, 4, 31, 11.199999999999999, 26.600000000000001, 40.799999999999997, 7.29, 98.079999999999998, 1);
INSERT INTO uthbaldata VALUES (153, 1973, 5, 30, 17.399999999999999, 11.9, 87.799999999999997, 1.3500000000000001, 18.140000000000001, 1);
INSERT INTO uthbaldata VALUES (154, 1973, 6, 31, 20.699999999999999, 8.0999999999999996, 114.90000000000001, 0.83999999999999997, 11.279999999999999, 1);
INSERT INTO uthbaldata VALUES (155, 1973, 7, 30, 24.300000000000001, 38.5, 147.80000000000001, 0.62, 8.3599999999999994, 1);
INSERT INTO uthbaldata VALUES (156, 1973, 8, 31, 21.699999999999999, 25.600000000000001, 116.59999999999999, 1.26, 17.010000000000002, 1);
INSERT INTO uthbaldata VALUES (157, 1973, 9, 31, 19.899999999999999, 82.900000000000006, 90.099999999999994, 2.8999999999999999, 39.020000000000003, 1);
INSERT INTO uthbaldata VALUES (158, 1973, 10, 30, 15.4, 93, 56.399999999999999, 1.4199999999999999, 19.100000000000001, 1);
INSERT INTO uthbaldata VALUES (159, 1973, 11, 31, 8.4000000000000004, 45.799999999999997, 20, 1.3100000000000001, 17.640000000000001, 1);
INSERT INTO uthbaldata VALUES (160, 1973, 12, 30, 5.2000000000000002, 60.700000000000003, 9.4000000000000004, 3.29, 44.18, 1);
INSERT INTO uthbaldata VALUES (161, 1974, 1, 28, 5.5, 59.299999999999997, 10.5, 15.279999999999999, 205.5, 1);
INSERT INTO uthbaldata VALUES (162, 1974, 2, 31, 6.2000000000000002, 75.400000000000006, 12.800000000000001, NULL, NULL, 1);
INSERT INTO uthbaldata VALUES (163, 1974, 3, 30, 9.3000000000000007, 50.200000000000003, 28.800000000000001, NULL, NULL, 1);
INSERT INTO uthbaldata VALUES (164, 1974, 4, 31, 10.6, 65.700000000000003, 37.5, 8.5299999999999994, 114.67, 1);
INSERT INTO uthbaldata VALUES (165, 1974, 5, 30, 15.6, 32, 74.900000000000006, NULL, NULL, 1);
INSERT INTO uthbaldata VALUES (166, 1974, 6, 31, 21.300000000000001, 34.799999999999997, 120, NULL, NULL, 1);
INSERT INTO uthbaldata VALUES (167, 1974, 7, 30, 22, 7.4000000000000004, 128, 1.3600000000000001, 18.34, 1);
INSERT INTO uthbaldata VALUES (168, 1974, 8, 31, 22.100000000000001, 3.3999999999999999, 120, 0.70999999999999996, 9.6099999999999994, 1);
INSERT INTO uthbaldata VALUES (169, 1974, 9, 31, 19, 27.899999999999999, 84, 3.4100000000000001, 45.920000000000002, 1);
INSERT INTO uthbaldata VALUES (170, 1974, 10, 30, 16, 33.700000000000003, 59.899999999999999, 0.95999999999999996, 12.960000000000001, 1);
INSERT INTO uthbaldata VALUES (171, 1974, 11, 31, 10.1, 70.599999999999994, 26.300000000000001, 1.9099999999999999, 25.649999999999999, 1);
INSERT INTO uthbaldata VALUES (172, 1974, 12, 30, 4.0999999999999996, 42.799999999999997, 6.7000000000000002, 2.27, 30.559999999999999, 1);
INSERT INTO uthbaldata VALUES (173, 1975, 1, 28, 4, 43.399999999999999, 6.7000000000000002, 3.3100000000000001, 44.479999999999997, 1);
INSERT INTO uthbaldata VALUES (174, 1975, 2, 31, 5, 69.299999999999997, 9.1999999999999993, 5, 67.280000000000001, 1);
INSERT INTO uthbaldata VALUES (175, 1975, 3, 30, 8.6999999999999993, 32.200000000000003, 25.800000000000001, 6.0599999999999996, 81.439999999999998, 1);
INSERT INTO uthbaldata VALUES (176, 1975, 4, 31, 13, 42.5, 50.700000000000003, 3.5299999999999998, 47.469999999999999, 1);
INSERT INTO uthbaldata VALUES (177, 1975, 5, 30, 16.600000000000001, 37.600000000000001, 82, 4.7999999999999998, 64.5, 1);
INSERT INTO uthbaldata VALUES (178, 1975, 6, 31, 20.300000000000001, 106.90000000000001, 111.2, 4.0599999999999996, 54.600000000000001, 1);
INSERT INTO uthbaldata VALUES (179, 1975, 7, 30, 23.600000000000001, 16.100000000000001, 141.5, 2.3799999999999999, 31.969999999999999, 1);
INSERT INTO uthbaldata VALUES (180, 1975, 8, 31, 22, 29.5, 119.2, 1.01, 13.640000000000001, 1);
INSERT INTO uthbaldata VALUES (181, 1975, 9, 31, 20.899999999999999, 23.800000000000001, 96.700000000000003, 3.7599999999999998, 50.630000000000003, 1);
INSERT INTO uthbaldata VALUES (182, 1975, 10, 30, 14.5, 51.799999999999997, 51.5, 1.55, 20.82, 1);
INSERT INTO uthbaldata VALUES (183, 1975, 11, 31, 10.5, 68.599999999999994, 27.800000000000001, 1.3799999999999999, 18.559999999999999, 1);
INSERT INTO uthbaldata VALUES (184, 1975, 12, 30, 5, 49.5, 9, NULL, NULL, 1);
INSERT INTO uthbaldata VALUES (185, 1976, 1, 28, 5, 62.700000000000003, 9.3000000000000007, 2.21, 29.649999999999999, 1);
INSERT INTO uthbaldata VALUES (186, 1976, 2, 31, 5.2000000000000002, 75.700000000000003, 9.9000000000000004, 30.920000000000002, 415.74000000000001, 1);
INSERT INTO uthbaldata VALUES (187, 1976, 3, 30, 8, 34.600000000000001, 22.899999999999999, 7.7599999999999998, 104.34999999999999, 1);
INSERT INTO uthbaldata VALUES (188, 1976, 4, 31, 13.699999999999999, 48.100000000000001, 54.700000000000003, 9.2799999999999994, 124.75, 1);
INSERT INTO uthbaldata VALUES (189, 1976, 5, 30, 16.5, 84.200000000000003, 81.400000000000006, 7.6200000000000001, 102.48, 1);
INSERT INTO uthbaldata VALUES (190, 1976, 6, 31, 20.100000000000001, 9.8000000000000007, 109.40000000000001, 2.6000000000000001, 34.990000000000002, 1);
INSERT INTO uthbaldata VALUES (191, 1976, 7, 30, 22.5, 41.799999999999997, 132.09999999999999, 0.81999999999999995, 11.08, 1);
INSERT INTO uthbaldata VALUES (192, 1976, 8, 31, 20.399999999999999, 26.5, 106.7, 2.7799999999999998, 37.350000000000001, 1);
INSERT INTO uthbaldata VALUES (193, 1976, 9, 31, 18.5, 21.800000000000001, 80.5, 4.7599999999999998, 64.040000000000006, 1);
INSERT INTO uthbaldata VALUES (194, 1976, 10, 30, 15.699999999999999, 54.399999999999999, 58.399999999999999, 3.29, 44.210000000000001, 1);
INSERT INTO uthbaldata VALUES (195, 1976, 11, 31, 10.9, 62.399999999999999, 29.5, 2.4900000000000002, 33.549999999999997, 1);
INSERT INTO uthbaldata VALUES (196, 1976, 12, 30, 5.5, 35.5, 10.300000000000001, 2.2999999999999998, 30.879999999999999, 1);
INSERT INTO uthbaldata VALUES (197, 1977, 1, 28, 4.9000000000000004, 21.899999999999999, 9, 2.27, 30.579999999999998, 1);
INSERT INTO uthbaldata VALUES (198, 1977, 2, 31, 9.5, 39.200000000000003, 24.100000000000001, 2.0899999999999999, 28.129999999999999, 1);
INSERT INTO uthbaldata VALUES (199, 1977, 3, 30, 9.6999999999999993, 35, 30.300000000000001, 1.25, 16.850000000000001, 1);
INSERT INTO uthbaldata VALUES (200, 1977, 4, 31, 12.6, 30.100000000000001, 48.200000000000003, 1.3899999999999999, 18.670000000000002, 1);
INSERT INTO uthbaldata VALUES (201, 1977, 5, 30, 18.800000000000001, 38.100000000000001, 98.900000000000006, 1.8700000000000001, 25.16, 1);
INSERT INTO uthbaldata VALUES (202, 1977, 6, 31, 22.100000000000001, 15.699999999999999, 126.09999999999999, 1.71, 23, 1);
INSERT INTO uthbaldata VALUES (203, 1977, 7, 30, 25.100000000000001, 10.9, 155.19999999999999, 1.1200000000000001, 15.1, 1);
INSERT INTO uthbaldata VALUES (204, 1977, 8, 31, 23.899999999999999, 16.300000000000001, 134.80000000000001, 1.1200000000000001, 15.1, 1);
INSERT INTO uthbaldata VALUES (205, 1977, 9, 31, 19.100000000000001, 41.799999999999997, 84.400000000000006, 0.80000000000000004, 10.77, 1);
INSERT INTO uthbaldata VALUES (206, 1977, 10, 30, 13.4, 45.299999999999997, 46.100000000000001, 0.70999999999999996, 9.5999999999999996, 1);
INSERT INTO uthbaldata VALUES (207, 1977, 11, 31, 9.4000000000000004, 75.299999999999997, 23.699999999999999, 0.53000000000000003, 7.1200000000000001, 1);
INSERT INTO uthbaldata VALUES (208, 1977, 12, 30, 4.0999999999999996, 89, 6.5999999999999996, 0.98999999999999999, 13.369999999999999, 1);
INSERT INTO uthbaldata VALUES (209, 1978, 1, 28, 4.2999999999999998, 91, 7.5, 1.6899999999999999, 22.73, 1);
INSERT INTO uthbaldata VALUES (210, 1978, 2, 31, 7.5, 28.5, 16.800000000000001, 1.7, 22.91, 1);
INSERT INTO uthbaldata VALUES (211, 1978, 3, 30, 9.9000000000000004, 43.700000000000003, 31.399999999999999, 1.1299999999999999, 15.16, 1);
INSERT INTO uthbaldata VALUES (212, 1978, 4, 31, 12, 42.5, 45.200000000000003, 4.1200000000000001, 55.350000000000001, 1);
INSERT INTO uthbaldata VALUES (213, 1978, 5, 30, 16.800000000000001, 36, 83.400000000000006, 1.6499999999999999, 22.149999999999999, 1);
INSERT INTO uthbaldata VALUES (214, 1978, 6, 31, 21.699999999999999, 13.4, 123, 1.99, 26.73, 1);
INSERT INTO uthbaldata VALUES (215, 1978, 7, 30, 23.5, 7.9000000000000004, 141.19999999999999, 0.98999999999999999, 13.369999999999999, 1);
INSERT INTO uthbaldata VALUES (216, 1978, 8, 31, 21.800000000000001, 4.0999999999999996, 117.09999999999999, 0.96999999999999997, 13, 1);
INSERT INTO uthbaldata VALUES (217, 1978, 9, 31, 17.800000000000001, 282.5, 76.099999999999994, 22.629999999999999, 304.37, 1);
INSERT INTO uthbaldata VALUES (218, 1978, 10, 30, 13.6, 117, 47.200000000000003, 36.100000000000001, 485.44, 1);
INSERT INTO uthbaldata VALUES (219, 1978, 11, 31, 6.7000000000000002, 35.5, 14.4, 14.33, 192.65000000000001, 1);
INSERT INTO uthbaldata VALUES (220, 1978, 12, 30, 7.4000000000000004, 55.5, 16.100000000000001, 9.0299999999999994, 121.47, 1);
INSERT INTO uthbaldata VALUES (221, 1979, 1, 28, 3.8999999999999999, 63.5, 6.4000000000000004, 10.19, 137.09999999999999, 1);
INSERT INTO uthbaldata VALUES (222, 1979, 2, 31, 7.2000000000000002, 59.399999999999999, 16, 9.5099999999999998, 127.89, 1);
INSERT INTO uthbaldata VALUES (223, 1979, 3, 30, 10.4, 28.399999999999999, 33.600000000000001, 5.4199999999999999, 72.920000000000002, 1);
INSERT INTO uthbaldata VALUES (224, 1979, 4, 31, 11.1, 34, 39.799999999999997, 5.2300000000000004, 70.269999999999996, 1);
INSERT INTO uthbaldata VALUES (225, 1979, 5, 30, 16.899999999999999, 80.400000000000006, 84.099999999999994, 8.8699999999999992, 119.27, 1);
INSERT INTO uthbaldata VALUES (226, 1979, 6, 31, 21.800000000000001, 7.2999999999999998, 123.8, 1.5700000000000001, 21.149999999999999, 1);
INSERT INTO uthbaldata VALUES (227, 1979, 7, 30, 22.600000000000001, 16.5, 133.19999999999999, 1.2, 16.170000000000002, 1);
INSERT INTO uthbaldata VALUES (228, 1979, 8, 31, 22.699999999999999, 27.600000000000001, 124.90000000000001, 1.54, 20.719999999999999, 1);
INSERT INTO uthbaldata VALUES (229, 1979, 9, 31, 19.100000000000001, 21.100000000000001, 84.599999999999994, 1.78, 23.989999999999998, 1);
INSERT INTO uthbaldata VALUES (230, 1979, 10, 30, 13.800000000000001, 117.59999999999999, 48.100000000000001, 2.4100000000000001, 32.409999999999997, 1);
INSERT INTO uthbaldata VALUES (231, 1979, 11, 31, 10.800000000000001, 161.90000000000001, 28.899999999999999, 16.030000000000001, 215.52000000000001, 1);
INSERT INTO uthbaldata VALUES (232, 1979, 12, 30, 6.7000000000000002, 86.200000000000003, 14, 34.310000000000002, 461.35000000000002, 1);
INSERT INTO uthbaldata VALUES (233, 1980, 1, 28, 3.7999999999999998, 54, 6.0999999999999996, 38.890000000000001, 522.97000000000003, 1);
INSERT INTO uthbaldata VALUES (234, 1980, 2, 31, 5.4000000000000004, 51, 10.300000000000001, 22.620000000000001, 304.19999999999999, 1);
INSERT INTO uthbaldata VALUES (235, 1980, 3, 30, 8.1999999999999993, 72.200000000000003, 23.699999999999999, 27.420000000000002, 368.76999999999998, 1);
INSERT INTO uthbaldata VALUES (236, 1980, 4, 31, 11.6, 52.799999999999997, 42.899999999999999, 19.899999999999999, 267.61000000000001, 1);
INSERT INTO uthbaldata VALUES (237, 1980, 5, 30, 15.1, 60.600000000000001, 71.5, 11.539999999999999, 155.19, 1);
INSERT INTO uthbaldata VALUES (238, 1980, 6, 31, 15, 23.199999999999999, 70.700000000000003, 7.8799999999999999, 105.91, 1);
INSERT INTO uthbaldata VALUES (239, 1980, 7, 30, 23.5, 8.1999999999999993, 141, 0.56999999999999995, 7.7199999999999998, 1);
INSERT INTO uthbaldata VALUES (240, 1980, 8, 31, 23.100000000000001, 13.199999999999999, 127.8, 0.76000000000000001, 10.19, 1);
INSERT INTO uthbaldata VALUES (241, 1980, 9, 31, 19.300000000000001, 32.299999999999997, 85.799999999999997, 5.0599999999999996, 68, 1);
INSERT INTO uthbaldata VALUES (242, 1980, 10, 30, 15.9, 142.80000000000001, 59.100000000000001, 7.0499999999999998, 94.859999999999999, 1);
INSERT INTO uthbaldata VALUES (243, 1980, 11, 31, 11.800000000000001, 64.799999999999997, 33.299999999999997, 6.5199999999999996, 87.709999999999994, 1);
INSERT INTO uthbaldata VALUES (244, 1980, 12, 30, 5.7000000000000002, 58.100000000000001, 10.9, 6.7300000000000004, 90.540000000000006, 1);
INSERT INTO uthbaldata VALUES (245, 1981, 1, 28, 1.8, 152.90000000000001, 2, 28.140000000000001, 378.43000000000001, 1);
INSERT INTO uthbaldata VALUES (246, 1981, 2, 31, 5.5, 38.399999999999999, 10.6, 53.57, 720.42999999999995, 1);
INSERT INTO uthbaldata VALUES (247, 1981, 3, 30, 10.9, 43.700000000000003, 36.299999999999997, 36.740000000000002, 494.10000000000002, 1);
INSERT INTO uthbaldata VALUES (248, 1981, 4, 31, 12.1, 18.800000000000001, 45.399999999999999, 7.2400000000000002, 97.340000000000003, 1);
INSERT INTO uthbaldata VALUES (249, 1981, 5, 30, 15, 24.199999999999999, 70.5, 10.880000000000001, 146.28999999999999, 1);
INSERT INTO uthbaldata VALUES (250, 1981, 6, 31, 22.100000000000001, 25.800000000000001, 126.5, 2.77, 37.240000000000002, 1);
INSERT INTO uthbaldata VALUES (251, 1981, 7, 30, 22.5, 18.899999999999999, 132, 2.27, 30.460000000000001, 1);
INSERT INTO uthbaldata VALUES (252, 1981, 8, 31, 21.800000000000001, 23.199999999999999, 117.8, 1.79, 24.050000000000001, 1);
INSERT INTO uthbaldata VALUES (253, 1981, 9, 31, 20.100000000000001, 12.4, 91.299999999999997, 6.0199999999999996, 81.019999999999996, 1);
INSERT INTO uthbaldata VALUES (254, 1981, 10, 30, 17.199999999999999, 62.200000000000003, 66.5, 3.4900000000000002, 47, 1);
INSERT INTO uthbaldata VALUES (255, 1981, 11, 31, 8.3000000000000007, 56.600000000000001, 19.699999999999999, 3.9500000000000002, 53.18, 1);
INSERT INTO uthbaldata VALUES (256, 1981, 12, 30, 6.7999999999999998, 90.299999999999997, 14.199999999999999, 5.1699999999999999, 69.469999999999999, 1);
INSERT INTO uthbaldata VALUES (257, 1982, 1, 28, 0.20000000000000001, 21.800000000000001, 0.10000000000000001, 5.6299999999999999, 75.650000000000006, 1);
INSERT INTO uthbaldata VALUES (258, 1982, 2, 31, 3.6000000000000001, 97.900000000000006, 5.5999999999999996, 15.07, 202.63, 1);
INSERT INTO uthbaldata VALUES (259, 1982, 3, 30, 7.5, 64.400000000000006, 20.899999999999999, 17.510000000000002, 235.41999999999999, 1);
INSERT INTO uthbaldata VALUES (260, 1982, 4, 31, 11.1, 89.599999999999994, 40.200000000000003, 18.780000000000001, 252.59999999999999, 1);
INSERT INTO uthbaldata VALUES (261, 1982, 5, 30, 15.6, 131.90000000000001, 75, 16.949999999999999, 228, 1);
INSERT INTO uthbaldata VALUES (262, 1982, 6, 31, 20.800000000000001, 17.899999999999999, 115.5, 20.120000000000001, 270.56, 1);
INSERT INTO uthbaldata VALUES (263, 1982, 7, 30, 22.199999999999999, 19, 129.5, 1.1399999999999999, 15.390000000000001, 1);
INSERT INTO uthbaldata VALUES (264, 1982, 8, 31, 23, 29.600000000000001, 127.59999999999999, 2.4500000000000002, 32.939999999999998, 1);
INSERT INTO uthbaldata VALUES (265, 1982, 9, 31, 20.399999999999999, 17.600000000000001, 93.400000000000006, 8.6300000000000008, 116.09, 1);
INSERT INTO uthbaldata VALUES (266, 1982, 10, 30, 15.300000000000001, 80.900000000000006, 56, 7.96, 107.03, 1);
INSERT INTO uthbaldata VALUES (267, 1982, 11, 31, 7.5999999999999996, 95.099999999999994, 17.199999999999999, 11.09, 149.13999999999999, 1);
INSERT INTO uthbaldata VALUES (268, 1982, 12, 30, 7, 65.099999999999994, 14.800000000000001, 9.6699999999999999, 130.00999999999999, 1);
INSERT INTO uthbaldata VALUES (269, 1983, 1, 28, 4.2000000000000002, 31.100000000000001, 7.0999999999999996, 6.9900000000000002, 94.060000000000002, 1);
INSERT INTO uthbaldata VALUES (270, 1983, 2, 31, 4.2000000000000002, 47.700000000000003, 7.0999999999999996, 4.71, 63.399999999999999, 1);
INSERT INTO uthbaldata VALUES (271, 1983, 3, 30, 8.9000000000000004, 41.600000000000001, 26.699999999999999, 8.1899999999999995, 110.12, 1);
INSERT INTO uthbaldata VALUES (272, 1983, 4, 31, 14.699999999999999, 22.800000000000001, 60.5, 4.3600000000000003, 58.68, 1);
INSERT INTO uthbaldata VALUES (273, 1983, 5, 30, 18.699999999999999, 19.600000000000001, 97.5, 6.71, 90.260000000000005, 1);
INSERT INTO uthbaldata VALUES (274, 1983, 6, 31, 19.899999999999999, 58.100000000000001, 108.40000000000001, 5.6399999999999997, 75.799999999999997, 1);
INSERT INTO uthbaldata VALUES (275, 1983, 7, 30, 24.199999999999999, 73.799999999999997, 146.59999999999999, 3.7200000000000002, 50.020000000000003, 1);
INSERT INTO uthbaldata VALUES (276, 1983, 8, 31, 22.399999999999999, 11.199999999999999, 121.90000000000001, 1.5800000000000001, 21.239999999999998, 1);
INSERT INTO uthbaldata VALUES (277, 1983, 9, 31, 19, 12.199999999999999, 83.799999999999997, 6.8899999999999997, 92.599999999999994, 1);
INSERT INTO uthbaldata VALUES (278, 1983, 10, 30, 13.800000000000001, 35, 48.200000000000003, 2.7200000000000002, 36.619999999999997, 1);
INSERT INTO uthbaldata VALUES (279, 1983, 11, 31, 8.5, 50.100000000000001, 20.300000000000001, 1.8899999999999999, 25.460000000000001, 1);
INSERT INTO uthbaldata VALUES (280, 1983, 12, 30, 5, 161.40000000000001, 8.9000000000000004, 21.289999999999999, 286.32999999999998, 1);
INSERT INTO uthbaldata VALUES (281, 1984, 1, 28, 4.9000000000000004, 28.5, 8.9000000000000004, 6.96, 93.569999999999993, 1);
INSERT INTO uthbaldata VALUES (282, 1984, 2, 31, 0.80000000000000004, 44.899999999999999, 0.59999999999999998, 11.59, 155.91999999999999, 1);
INSERT INTO uthbaldata VALUES (283, 1984, 3, 30, 7.2999999999999998, 62.299999999999997, 19.699999999999999, 13.880000000000001, 186.63, 1);
INSERT INTO uthbaldata VALUES (284, 1984, 4, 31, 9.4000000000000004, 82.599999999999994, 31.399999999999999, 11.67, 156.96000000000001, 1);
INSERT INTO uthbaldata VALUES (285, 1984, 5, 30, 16.100000000000001, 21.800000000000001, 78, 3.98, 53.590000000000003, 1);
INSERT INTO uthbaldata VALUES (286, 1984, 6, 31, 19.5, 21.800000000000001, 104.90000000000001, 2.1499999999999999, 28.850000000000001, 1);
INSERT INTO uthbaldata VALUES (287, 1984, 7, 30, 20.699999999999999, 8.5999999999999996, 116.40000000000001, 1.46, 19.579999999999998, 1);
INSERT INTO uthbaldata VALUES (288, 1984, 8, 31, 20, 36.100000000000001, 103.59999999999999, 1.01, 13.619999999999999, 1);
INSERT INTO uthbaldata VALUES (289, 1984, 9, 31, 18.300000000000001, 8.6999999999999993, 79.5, 2.98, 40.090000000000003, 1);
INSERT INTO uthbaldata VALUES (290, 1984, 10, 30, 15.9, 42.299999999999997, 59.100000000000001, 2.0099999999999998, 27.02, 1);
INSERT INTO uthbaldata VALUES (291, 1984, 11, 31, 8.0999999999999996, 71.900000000000006, 18.899999999999999, 1.78, 23.98, 1);
INSERT INTO uthbaldata VALUES (292, 1984, 12, 30, 4, 73.599999999999994, 6.4000000000000004, 7.8899999999999997, 106.15000000000001, 1);
INSERT INTO uthbaldata VALUES (293, 1985, 1, 28, 4, 69.099999999999994, 6.7000000000000002, 6.9299999999999997, 93.170000000000002, 1);
INSERT INTO uthbaldata VALUES (294, 1985, 2, 31, 2, 19.699999999999999, 2.3999999999999999, 5.1699999999999999, 69.590000000000003, 1);
INSERT INTO uthbaldata VALUES (295, 1985, 3, 30, 7, 59.299999999999997, 18.699999999999999, NULL, NULL, 1);
INSERT INTO uthbaldata VALUES (296, 1985, 4, 31, 12.9, 28.899999999999999, 50.100000000000001, 7.9800000000000004, 107.25, 1);
INSERT INTO uthbaldata VALUES (297, 1985, 5, 30, 18.199999999999999, 21.100000000000001, 93.700000000000003, 0.63, 8.4700000000000006, 1);
INSERT INTO uthbaldata VALUES (298, 1985, 6, 31, 20.600000000000001, 18.800000000000001, 114.2, 4.8399999999999999, 65.090000000000003, 1);
INSERT INTO uthbaldata VALUES (299, 1985, 7, 30, 21.800000000000001, 10.1, 125.5, 0.56000000000000005, 7.5800000000000001, 1);
INSERT INTO uthbaldata VALUES (300, 1985, 8, 31, 22.300000000000001, 6.7999999999999998, 121.09999999999999, 0.81000000000000005, 10.83, 1);
INSERT INTO uthbaldata VALUES (301, 1985, 9, 31, 17.800000000000001, 11, 76, 1.04, 14.039999999999999, 1);
INSERT INTO uthbaldata VALUES (302, 1985, 10, 30, 11.300000000000001, 60.5, 35.5, 3.04, 40.899999999999999, 1);
INSERT INTO uthbaldata VALUES (303, 1985, 11, 31, 9.4000000000000004, 137, 23.699999999999999, 7.79, 104.70999999999999, 1);
INSERT INTO uthbaldata VALUES (304, 1985, 12, 30, 5.9000000000000004, 34.700000000000003, 11.6, 5.8200000000000003, 78.280000000000001, 1);
INSERT INTO uthbaldata VALUES (305, 1986, 1, 28, 4.7999999999999998, 37.200000000000003, 8.8000000000000007, 2.8500000000000001, 38.340000000000003, 1);
INSERT INTO uthbaldata VALUES (306, 1986, 2, 31, 5.7000000000000002, 79.099999999999994, 11.199999999999999, 3.7200000000000002, 50.060000000000002, 1);
INSERT INTO uthbaldata VALUES (307, 1986, 3, 30, 7.0999999999999996, 39.600000000000001, 19.199999999999999, 4.5599999999999996, 61.310000000000002, 1);
INSERT INTO uthbaldata VALUES (308, 1986, 4, 31, 12.4, 17.199999999999999, 47.399999999999999, 3.2599999999999998, 43.869999999999997, 1);
INSERT INTO uthbaldata VALUES (309, 1986, 5, 30, 15.300000000000001, 43.799999999999997, 72.200000000000003, 3.2799999999999998, 44.119999999999997, 1);
INSERT INTO uthbaldata VALUES (310, 1986, 6, 31, 20.100000000000001, 45.899999999999999, 109.8, 10.109999999999999, 136, 1);
INSERT INTO uthbaldata VALUES (311, 1986, 7, 30, 21.199999999999999, 15, 121, 0.67000000000000004, 8.9600000000000009, 1);
INSERT INTO uthbaldata VALUES (312, 1986, 8, 31, 22.199999999999999, 14.199999999999999, 120.3, 0.73999999999999999, 9.9100000000000001, 1);
INSERT INTO uthbaldata VALUES (313, 1986, 9, 31, 18, 13.699999999999999, 77.400000000000006, 3.6800000000000002, 49.549999999999997, 1);
INSERT INTO uthbaldata VALUES (314, 1986, 10, 30, 12.6, 112.2, 42, 5.0599999999999996, 68.069999999999993, 1);
INSERT INTO uthbaldata VALUES (315, 1986, 11, 31, 6.5999999999999996, 66.900000000000006, 14, 9.0199999999999996, 121.26000000000001, 1);
INSERT INTO uthbaldata VALUES (316, 1986, 12, 30, 1.1000000000000001, 38.899999999999999, 0.90000000000000002, 1.98, 26.600000000000001, 1);
INSERT INTO uthbaldata VALUES (317, 1987, 1, 28, 4.9000000000000004, 47.600000000000001, 8.9000000000000004, 3.0099999999999998, 40.43, 1);
INSERT INTO uthbaldata VALUES (318, 1987, 2, 31, 5.5, 62.799999999999997, 10.5, 3.73, 50.130000000000003, 1);
INSERT INTO uthbaldata VALUES (319, 1987, 3, 30, 2.8999999999999999, 119.40000000000001, 4.9000000000000004, 42.659999999999997, 573.70000000000005, 1);
INSERT INTO uthbaldata VALUES (320, 1987, 4, 31, 11.1, 87.700000000000003, 40.299999999999997, 50.340000000000003, 677.00999999999999, 1);
INSERT INTO uthbaldata VALUES (321, 1987, 5, 30, 14.5, 33.100000000000001, 66.799999999999997, 7.9199999999999999, 106.54000000000001, 1);
INSERT INTO uthbaldata VALUES (322, 1987, 6, 31, 19.899999999999999, 13.6, 108, 2.0499999999999998, 27.530000000000001, 1);
INSERT INTO uthbaldata VALUES (323, 1987, 7, 30, 22.800000000000001, 8.5, 134.69999999999999, 0.73999999999999999, 10.01, 1);
INSERT INTO uthbaldata VALUES (324, 1987, 8, 31, 21.300000000000001, 17, 113.8, 0.72999999999999998, 9.8000000000000007, 1);
INSERT INTO uthbaldata VALUES (325, 1987, 9, 31, 19.800000000000001, 8.3000000000000007, 89.400000000000006, 1.23, 16.559999999999999, 1);
INSERT INTO uthbaldata VALUES (326, 1987, 10, 30, 12, 84.799999999999997, 39, 5.8899999999999997, 79.219999999999999, 1);
INSERT INTO uthbaldata VALUES (327, 1987, 11, 31, 7.2999999999999998, 95.599999999999994, 16.300000000000001, 3.52, 47.390000000000001, 1);
INSERT INTO uthbaldata VALUES (328, 1987, 12, 30, 4.5999999999999996, 55.399999999999999, 8, 5.0800000000000001, 68.299999999999997, 1);
INSERT INTO uthbaldata VALUES (329, 1988, 1, 28, 5.0999999999999996, 41, 9.4000000000000004, 3.8100000000000001, 51.289999999999999, 1);
INSERT INTO uthbaldata VALUES (330, 1988, 2, 31, 4.4000000000000004, 45, 7.7000000000000002, 4.0300000000000002, 54.18, 1);
INSERT INTO uthbaldata VALUES (331, 1988, 3, 30, 6.9000000000000004, 49.799999999999997, 18.199999999999999, 4.8399999999999999, 65.090000000000003, 1);
INSERT INTO uthbaldata VALUES (332, 1988, 4, 31, 10.9, 26.899999999999999, 39.100000000000001, 3.8599999999999999, 51.869999999999997, 1);
INSERT INTO uthbaldata VALUES (333, 1988, 5, 30, 16.300000000000001, 20.300000000000001, 79.400000000000006, 0.88, 11.859999999999999, 1);
INSERT INTO uthbaldata VALUES (334, 1988, 6, 31, 21, 14.199999999999999, 117.2, 0.98999999999999999, 13.300000000000001, 1);
INSERT INTO uthbaldata VALUES (335, 1988, 7, 30, 24.199999999999999, 4.2999999999999998, 146.69999999999999, 0.82999999999999996, 11.140000000000001, 1);
INSERT INTO uthbaldata VALUES (336, 1988, 8, 31, 22.300000000000001, 7.0999999999999996, 121.7, NULL, NULL, 1);
INSERT INTO uthbaldata VALUES (337, 1988, 9, 31, 18.600000000000001, 11.1, 81, NULL, NULL, 1);
INSERT INTO uthbaldata VALUES (338, 1988, 10, 30, 12.9, 47.399999999999999, 43.600000000000001, 0.87, 11.75, 1);
INSERT INTO uthbaldata VALUES (339, 1988, 11, 31, 5, 106.59999999999999, 9.1999999999999993, 1.05, 14.16, 1);
INSERT INTO uthbaldata VALUES (340, 1988, 12, 30, 1.8999999999999999, 83.900000000000006, 2.2000000000000002, 1.02, 13.75, 1);
INSERT INTO uthbaldata VALUES (341, 1989, 1, 28, 1.6000000000000001, 19.699999999999999, 1.8, 34.659999999999997, 466.13999999999999, 1);
INSERT INTO uthbaldata VALUES (342, 1989, 2, 31, 5.9000000000000004, 18.5, 11.800000000000001, 0.76000000000000001, 10.24, 1);
INSERT INTO uthbaldata VALUES (343, 1989, 3, 30, 9.1999999999999993, 79.099999999999994, 27.899999999999999, 0.89000000000000001, 11.94, 1);
INSERT INTO uthbaldata VALUES (344, 1989, 4, 31, 13.9, 23.100000000000001, 56, 0.80000000000000004, 10.710000000000001, 1);
INSERT INTO uthbaldata VALUES (345, 1989, 5, 30, 15.5, 38.700000000000003, 74.099999999999994, 1.1200000000000001, 15.02, 1);
INSERT INTO uthbaldata VALUES (346, 1989, 6, 31, 20.5, 21.600000000000001, 113.3, NULL, NULL, 1);
INSERT INTO uthbaldata VALUES (347, 1989, 7, 30, 22.600000000000001, 38.5, 132.80000000000001, NULL, NULL, 1);
INSERT INTO uthbaldata VALUES (348, 1989, 8, 31, 23.399999999999999, 18.800000000000001, 130.30000000000001, NULL, NULL, 1);
INSERT INTO uthbaldata VALUES (349, 1989, 9, 31, 19, 10.800000000000001, 83.599999999999994, NULL, NULL, 1);
INSERT INTO uthbaldata VALUES (350, 1989, 10, 30, 12.800000000000001, 53.700000000000003, 42.700000000000003, NULL, NULL, 1);
INSERT INTO uthbaldata VALUES (351, 1989, 11, 31, 8.4000000000000004, 51.600000000000001, 20, NULL, NULL, 1);
INSERT INTO uthbaldata VALUES (352, 1989, 12, 30, 3.3999999999999999, 92.099999999999994, 5, NULL, NULL, 1);
INSERT INTO uthbaldata VALUES (353, 1990, 1, 28, 2.1000000000000001, 18.800000000000001, 2.6000000000000001, NULL, NULL, 1);
INSERT INTO uthbaldata VALUES (354, 1990, 2, 31, 6.4000000000000004, 22.399999999999999, 13.4, NULL, NULL, 1);
INSERT INTO uthbaldata VALUES (355, 1990, 3, 30, 9.8000000000000007, 27.100000000000001, 30.899999999999999, NULL, NULL, 1);
INSERT INTO uthbaldata VALUES (356, 1990, 4, 31, 13.1, 25.600000000000001, 51.299999999999997, NULL, NULL, 1);
INSERT INTO uthbaldata VALUES (357, 1990, 5, 30, 17, 42.5, 85.099999999999994, NULL, NULL, 1);
INSERT INTO uthbaldata VALUES (358, 1990, 6, 31, 21.5, 21.399999999999999, 121.09999999999999, NULL, NULL, 1);
INSERT INTO uthbaldata VALUES (359, 1990, 7, 30, 23.5, 41.700000000000003, 140.80000000000001, NULL, NULL, 1);
INSERT INTO uthbaldata VALUES (360, 1990, 8, 31, 22, 51.5, 119.3, NULL, NULL, 1);
INSERT INTO uthbaldata VALUES (361, 1990, 9, 31, 19.199999999999999, 23.300000000000001, 85.299999999999997, NULL, NULL, 1);
INSERT INTO uthbaldata VALUES (362, 1990, 10, 30, 15.699999999999999, 45.799999999999997, 58.299999999999997, NULL, NULL, 1);
INSERT INTO uthbaldata VALUES (363, 1990, 11, 31, 13.1, 79.200000000000003, 38.700000000000003, NULL, NULL, 1);
INSERT INTO uthbaldata VALUES (364, 1990, 12, 30, 7.5, 103.2, 16.399999999999999, NULL, NULL, 1);
INSERT INTO uthbaldata VALUES (365, 1991, 1, 28, 4.5999999999999996, 50.700000000000003, 8.0999999999999996, NULL, NULL, 1);
INSERT INTO uthbaldata VALUES (366, 1991, 2, 31, 6.0999999999999996, 40.600000000000001, 12.6, NULL, NULL, 1);
INSERT INTO uthbaldata VALUES (367, 1991, 3, 30, 11.199999999999999, 57.700000000000003, 37.899999999999999, NULL, NULL, 1);
INSERT INTO uthbaldata VALUES (368, 1991, 4, 31, 11.800000000000001, 90.5, 43.600000000000001, NULL, NULL, 1);
INSERT INTO uthbaldata VALUES (369, 1991, 5, 30, 17.199999999999999, 75.299999999999997, 86, 1.77, 23.800000000000001, 1);
INSERT INTO uthbaldata VALUES (370, 1991, 6, 31, 24.199999999999999, 13.9, 144.90000000000001, 0.96999999999999997, 13.050000000000001, 1);
INSERT INTO uthbaldata VALUES (371, 1991, 7, 30, 23.800000000000001, 43.100000000000001, 143.80000000000001, NULL, NULL, 1);
INSERT INTO uthbaldata VALUES (372, 1991, 8, 31, 24.100000000000001, 29.199999999999999, 136.30000000000001, NULL, NULL, 1);
INSERT INTO uthbaldata VALUES (373, 1991, 9, 31, 20.5, 54, 93.900000000000006, 3.6499999999999999, 49.149999999999999, 1);
INSERT INTO uthbaldata VALUES (374, 1991, 10, 30, 17.399999999999999, 40.700000000000003, 67.799999999999997, 1.8799999999999999, 25.34, 1);
INSERT INTO uthbaldata VALUES (375, 1991, 11, 31, 11.1, 70.400000000000006, 30.399999999999999, 2.6899999999999999, 36.149999999999999, 1);
INSERT INTO uthbaldata VALUES (376, 1991, 12, 30, 3.7999999999999998, 39.5, 5.9000000000000004, 2.9199999999999999, 39.289999999999999, 1);
INSERT INTO uthbaldata VALUES (377, 1992, 1, 28, 4.7000000000000002, 24, 8.3000000000000007, 1.1100000000000001, 14.859999999999999, 1);
INSERT INTO uthbaldata VALUES (378, 1992, 2, 31, 5.5, 28.899999999999999, 10.6, 0.68999999999999995, 9.3300000000000001, 1);
INSERT INTO uthbaldata VALUES (379, 1992, 3, 30, 9.6999999999999993, 35.200000000000003, 30.600000000000001, 0.87, 11.710000000000001, 1);
INSERT INTO uthbaldata VALUES (380, 1992, 4, 31, 14.6, 65.400000000000006, 60, 1.01, 13.6, 1);
INSERT INTO uthbaldata VALUES (381, 1992, 5, 30, 17.699999999999999, 52.600000000000001, 90.099999999999994, 1, 13.48, 1);
INSERT INTO uthbaldata VALUES (382, 1992, 6, 31, 23.800000000000001, 57.200000000000003, 141.59999999999999, 0.73999999999999999, 9.8900000000000006, 1);
INSERT INTO uthbaldata VALUES (383, 1992, 7, 30, 24.399999999999999, 33.600000000000001, 148.69999999999999, NULL, NULL, 1);
INSERT INTO uthbaldata VALUES (384, 1992, 8, 31, 25.699999999999999, 5.2000000000000002, 149.69999999999999, NULL, NULL, 1);
INSERT INTO uthbaldata VALUES (385, 1992, 9, 31, 20.600000000000001, 4.0999999999999996, 94.400000000000006, NULL, NULL, 1);
INSERT INTO uthbaldata VALUES (386, 1992, 10, 30, 18.899999999999999, 54.100000000000001, 76.5, NULL, NULL, 1);
INSERT INTO uthbaldata VALUES (387, 1992, 11, 31, 11.699999999999999, 57.700000000000003, 32.899999999999999, NULL, NULL, 1);
INSERT INTO uthbaldata VALUES (388, 1992, 12, 30, 6.0999999999999996, 62.299999999999997, 12.199999999999999, NULL, NULL, 1);
INSERT INTO uthbaldata VALUES (389, 1993, 1, 28, 5.5, 39.700000000000003, 10.6, NULL, NULL, 1);
INSERT INTO uthbaldata VALUES (390, 1993, 2, 31, 4.9000000000000004, 51, 9, 0.97999999999999998, 13.24, 1);
INSERT INTO uthbaldata VALUES (391, 1993, 3, 30, 10.699999999999999, 47.200000000000003, 35.299999999999997, 1.01, 13.619999999999999, 1);
INSERT INTO uthbaldata VALUES (392, 1993, 4, 31, 14.699999999999999, 24.699999999999999, 60.600000000000001, 0.94999999999999996, 12.81, 1);
INSERT INTO uthbaldata VALUES (393, 1993, 5, 30, 17.300000000000001, 67.700000000000003, 87.200000000000003, 1.27, 17.140000000000001, 1);
INSERT INTO uthbaldata VALUES (394, 1993, 6, 31, 24.5, 5.4000000000000004, 147.19999999999999, NULL, NULL, 1);
INSERT INTO uthbaldata VALUES (395, 1993, 7, 30, 26, 4.2999999999999998, 163.5, NULL, NULL, 1);
INSERT INTO uthbaldata VALUES (396, 1993, 8, 31, 25.699999999999999, 14, 150.09999999999999, NULL, NULL, 1);
INSERT INTO uthbaldata VALUES (397, 1993, 9, 31, 21.899999999999999, 7.9000000000000004, 103.5, NULL, NULL, 1);
INSERT INTO uthbaldata VALUES (398, 1993, 10, 30, 19.399999999999999, 25.300000000000001, 79.799999999999997, NULL, NULL, 1);
INSERT INTO uthbaldata VALUES (399, 1993, 11, 31, 10.4, 126.40000000000001, 27.5, NULL, NULL, 1);
INSERT INTO uthbaldata VALUES (400, 1993, 12, 30, 5.7999999999999998, 45, 11.1, NULL, NULL, 1);
INSERT INTO uthbaldata VALUES (401, 1994, 1, 28, 5.0999999999999996, 87.5, 9.4000000000000004, NULL, NULL, 1);
INSERT INTO uthbaldata VALUES (402, 1994, 2, 31, 4.5999999999999996, 61.299999999999997, 8.0999999999999996, 3.6699999999999999, 49.299999999999997, 1);
INSERT INTO uthbaldata VALUES (403, 1994, 3, 30, 8.6999999999999993, 37.100000000000001, 26, 1.1799999999999999, 15.869999999999999, 1);
INSERT INTO uthbaldata VALUES (404, 1994, 4, 31, 13.5, 55.600000000000001, 53.600000000000001, 0.83999999999999997, 11.34, 1);
INSERT INTO uthbaldata VALUES (405, 1994, 5, 30, 16.199999999999999, 56.799999999999997, 78.700000000000003, NULL, NULL, 1);
INSERT INTO uthbaldata VALUES (406, 1994, 6, 31, 19.600000000000001, 4.4000000000000004, 105.8, NULL, NULL, 1);
INSERT INTO uthbaldata VALUES (407, 1994, 7, 30, 20.800000000000001, 30, 117.3, NULL, NULL, 1);
INSERT INTO uthbaldata VALUES (408, 1994, 8, 31, 21.600000000000001, 14.6, 115.5, NULL, NULL, 1);
INSERT INTO uthbaldata VALUES (409, 1994, 9, 31, 19.800000000000001, 5, 89, NULL, NULL, 1);
INSERT INTO uthbaldata VALUES (410, 1994, 10, 30, 16.600000000000001, 152.59999999999999, 63, 4.0599999999999996, 54.619999999999997, 1);
INSERT INTO uthbaldata VALUES (411, 1994, 11, 31, 10.300000000000001, 71, 27.199999999999999, 2, 26.949999999999999, 1);
INSERT INTO uthbaldata VALUES (412, 1994, 12, 30, 6.5, 58.200000000000003, 13.300000000000001, 0.66000000000000003, 8.8800000000000008, 1);
INSERT INTO uthbaldata VALUES (413, 1995, 1, 28, 7.2999999999999998, 74.400000000000006, 16.399999999999999, 0.66000000000000003, 8.8800000000000008, 1);
INSERT INTO uthbaldata VALUES (414, 1995, 2, 31, 9.9000000000000004, 18, 25.600000000000001, NULL, NULL, 1);
INSERT INTO uthbaldata VALUES (415, 1995, 3, 30, 11, 73.599999999999994, 36.5, 0.55000000000000004, 7.4000000000000004, 1);
INSERT INTO uthbaldata VALUES (416, 1995, 4, 31, 14, 26.600000000000001, 56.799999999999997, 1.1100000000000001, 14.9, 1);
INSERT INTO uthbaldata VALUES (417, 1995, 5, 30, 19.699999999999999, 22.699999999999999, 105.90000000000001, NULL, NULL, 1);
INSERT INTO uthbaldata VALUES (418, 1995, 6, 31, 25.5, 37.700000000000003, 156.90000000000001, NULL, NULL, 1);
INSERT INTO uthbaldata VALUES (419, 1995, 7, 30, 25.399999999999999, 41, 157.69999999999999, NULL, NULL, 1);
INSERT INTO uthbaldata VALUES (420, 1995, 8, 31, 24.300000000000001, 15.4, 138.09999999999999, NULL, NULL, 1);
INSERT INTO uthbaldata VALUES (421, 1995, 9, 31, 21.300000000000001, 30.100000000000001, 99.200000000000003, NULL, NULL, 1);
INSERT INTO uthbaldata VALUES (422, 1995, 10, 30, 14.699999999999999, 37, 52.700000000000003, NULL, NULL, 1);
INSERT INTO uthbaldata VALUES (423, 1995, 11, 31, 9.0999999999999996, 45.100000000000001, 22.600000000000001, NULL, NULL, 1);
INSERT INTO uthbaldata VALUES (424, 1995, 12, 30, 10.199999999999999, 108.8, 25.899999999999999, 3.0600000000000001, 41.130000000000003, 1);
INSERT INTO uthbaldata VALUES (425, 1996, 1, 28, 6.5, 74.400000000000006, 13.699999999999999, 1.3600000000000001, 18.260000000000002, 1);
INSERT INTO uthbaldata VALUES (426, 1996, 2, 31, 7.5, 75.400000000000006, 17, 1.6899999999999999, 22.739999999999998, 1);
INSERT INTO uthbaldata VALUES (427, 1996, 3, 30, 7.5, 62.700000000000003, 20.899999999999999, 4.9500000000000002, 66.540000000000006, 1);
INSERT INTO uthbaldata VALUES (428, 1996, 4, 31, 13.199999999999999, 28.300000000000001, 51.600000000000001, 5.3200000000000003, 71.510000000000005, 1);
INSERT INTO uthbaldata VALUES (429, 1996, 5, 30, 18.5, 36.299999999999997, 96.299999999999997, 1.6000000000000001, 21.5, 1);
INSERT INTO uthbaldata VALUES (430, 1996, 6, 31, 24.600000000000001, 5, 148.59999999999999, 1.3400000000000001, 18.07, 1);
INSERT INTO uthbaldata VALUES (431, 1996, 7, 30, 25.399999999999999, 15.5, 158.19999999999999, NULL, NULL, 1);
INSERT INTO uthbaldata VALUES (432, 1996, 8, 31, 25.300000000000001, 20.300000000000001, 146.40000000000001, NULL, NULL, 1);
INSERT INTO uthbaldata VALUES (433, 1996, 9, 31, 20.600000000000001, 56, 94.700000000000003, NULL, NULL, 1);
INSERT INTO uthbaldata VALUES (434, 1996, 10, 30, 14.6, 92.200000000000003, 52.399999999999999, NULL, NULL, 1);
INSERT INTO uthbaldata VALUES (435, 1996, 11, 31, 12, 42.600000000000001, 33.799999999999997, NULL, NULL, 1);
INSERT INTO uthbaldata VALUES (436, 1996, 12, 30, 8.0999999999999996, 74.200000000000003, 18.5, NULL, NULL, 1);
INSERT INTO uthbaldata VALUES (437, 1997, 1, 28, 7.0999999999999996, 57.700000000000003, 15.5, 8.2799999999999994, 111.38, 1);
INSERT INTO uthbaldata VALUES (438, 1997, 2, 31, 8.1999999999999993, 32.299999999999997, 19.300000000000001, 0.78000000000000003, 10.539999999999999, 1);
INSERT INTO uthbaldata VALUES (439, 1997, 3, 30, 9.8000000000000007, 44.600000000000001, 31, 8.3599999999999994, 112.48999999999999, 1);
INSERT INTO uthbaldata VALUES (440, 1997, 4, 31, 11.300000000000001, 57.799999999999997, 41.100000000000001, 5.9699999999999998, 80.349999999999994, 1);
INSERT INTO uthbaldata VALUES (441, 1997, 5, 30, 20.100000000000001, 35.100000000000001, 108.5, NULL, NULL, 1);
INSERT INTO uthbaldata VALUES (442, 1997, 6, 31, 23.800000000000001, 25.199999999999999, 141.19999999999999, 1.24, 16.690000000000001, 1);
INSERT INTO uthbaldata VALUES (443, 1997, 7, 30, 25.5, 9.5, 159, NULL, NULL, 1);
INSERT INTO uthbaldata VALUES (444, 1997, 8, 31, 23.300000000000001, 37.799999999999997, 129.40000000000001, NULL, NULL, 1);
INSERT INTO uthbaldata VALUES (445, 1997, 9, 31, 18.899999999999999, 7.7000000000000002, 83.400000000000006, NULL, NULL, 1);
INSERT INTO uthbaldata VALUES (446, 1997, 10, 30, 14.1, 83, 49.799999999999997, NULL, NULL, 1);
INSERT INTO uthbaldata VALUES (447, 1997, 11, 31, 10.4, 40.299999999999997, 27.399999999999999, NULL, NULL, 1);
INSERT INTO uthbaldata VALUES (448, 1997, 12, 30, 6.0999999999999996, 93.900000000000006, 12, NULL, NULL, 1);
INSERT INTO uthbaldata VALUES (449, 1998, 1, 28, 5.0999999999999996, 35.299999999999997, 9.6999999999999993, NULL, NULL, 1);
INSERT INTO uthbaldata VALUES (450, 1998, 2, 31, 8.6999999999999993, 73.5, 21.199999999999999, NULL, NULL, 1);
INSERT INTO uthbaldata VALUES (451, 1998, 3, 30, 8.5999999999999996, 62.899999999999999, 25.600000000000001, NULL, NULL, 1);
INSERT INTO uthbaldata VALUES (452, 1998, 4, 31, 15.699999999999999, 16, 67.400000000000006, NULL, NULL, 1);
INSERT INTO uthbaldata VALUES (453, 1998, 5, 30, 18.899999999999999, 110.5, 99.5, 4.5099999999999998, 60.609999999999999, 1);
INSERT INTO uthbaldata VALUES (454, 1998, 6, 31, 24.899999999999999, 10.4, 150.90000000000001, NULL, NULL, 1);
INSERT INTO uthbaldata VALUES (455, 1998, 7, 30, 26.899999999999999, 5.7000000000000002, 171.80000000000001, NULL, NULL, 1);
INSERT INTO uthbaldata VALUES (456, 1998, 8, 31, 26.800000000000001, 8.1999999999999993, 159.5, NULL, NULL, 1);
INSERT INTO uthbaldata VALUES (457, 1998, 9, 31, 21.399999999999999, 32.5, 100.2, NULL, NULL, 1);
INSERT INTO uthbaldata VALUES (458, 1998, 10, 30, 17.5, 36.799999999999997, 68.400000000000006, NULL, NULL, 1);
INSERT INTO uthbaldata VALUES (459, 1998, 11, 31, 11.800000000000001, 153, 33.299999999999997, NULL, NULL, 1);
INSERT INTO uthbaldata VALUES (460, 1998, 12, 30, 6.0999999999999996, 78.700000000000003, 12.199999999999999, 3.6299999999999999, 48.770000000000003, 1);
INSERT INTO uthbaldata VALUES (461, 1999, 1, 28, 7.0999999999999996, 63.700000000000003, 15.699999999999999, 2.4300000000000002, 32.689999999999998, 1);
INSERT INTO uthbaldata VALUES (462, 1999, 2, 31, 5.0999999999999996, 61.899999999999999, 9.5, 4.8799999999999999, 65.609999999999999, 1);
INSERT INTO uthbaldata VALUES (463, 1999, 3, 30, 9, 80.299999999999997, 27, 9.0899999999999999, 122.25, 1);
INSERT INTO uthbaldata VALUES (464, 1999, 4, 31, 13.800000000000001, 36.600000000000001, 55.5, 6.7199999999999998, 90.329999999999998, 1);
INSERT INTO uthbaldata VALUES (465, 1999, 5, 30, 19.600000000000001, 20.699999999999999, 104.59999999999999, NULL, NULL, 1);
INSERT INTO uthbaldata VALUES (466, 1999, 6, 31, 25, 10, 151.90000000000001, NULL, NULL, 1);
INSERT INTO uthbaldata VALUES (467, 1999, 7, 30, 24.199999999999999, 10.300000000000001, 147.19999999999999, NULL, NULL, 1);
INSERT INTO uthbaldata VALUES (468, 1999, 8, 31, 27.199999999999999, 12.300000000000001, 163.30000000000001, NULL, NULL, 1);
INSERT INTO uthbaldata VALUES (469, 1999, 9, 31, 21.899999999999999, 31.300000000000001, 103.90000000000001, NULL, NULL, 1);
INSERT INTO uthbaldata VALUES (470, 1999, 10, 30, 18.100000000000001, 95.799999999999997, 72.200000000000003, NULL, NULL, 1);
INSERT INTO uthbaldata VALUES (471, 1999, 11, 31, 12, 87.5, 33.799999999999997, NULL, NULL, 1);
INSERT INTO uthbaldata VALUES (472, 1999, 12, 30, 9, 80.200000000000003, 21.5, NULL, NULL, 1);
INSERT INTO uthbaldata VALUES (473, 2000, 1, 28, 3.6000000000000001, 43, 5.7000000000000002, 4.8700000000000001, 65.530000000000001, 1);
INSERT INTO uthbaldata VALUES (474, 2000, 2, 31, 8.1999999999999993, 65.900000000000006, 19.199999999999999, 3.8900000000000001, 52.340000000000003, 1);
INSERT INTO uthbaldata VALUES (475, 2000, 3, 30, 9.9000000000000004, 43.600000000000001, 31.199999999999999, 3.0299999999999998, 40.719999999999999, 1);
INSERT INTO uthbaldata VALUES (476, 2000, 4, 31, 16.399999999999999, 24.800000000000001, 71.599999999999994, 3.29, 44.310000000000002, 1);
INSERT INTO uthbaldata VALUES (477, 2000, 5, 30, 20.600000000000001, 34.299999999999997, 113, 1.76, 23.670000000000002, 1);
INSERT INTO uthbaldata VALUES (478, 2000, 6, 31, 24.399999999999999, 16, 146.69999999999999, NULL, NULL, 1);
INSERT INTO uthbaldata VALUES (479, 2000, 7, 30, 27, 9.6999999999999993, 172.80000000000001, NULL, NULL, 1);
INSERT INTO uthbaldata VALUES (480, 2000, 8, 31, 25.5, 8.5999999999999996, 148.69999999999999, NULL, NULL, 1);
INSERT INTO uthbaldata VALUES (481, 2000, 9, 31, 21.899999999999999, 18, 103.5, NULL, NULL, 1);
INSERT INTO uthbaldata VALUES (482, 2000, 10, 30, 16.399999999999999, 80.200000000000003, 62.100000000000001, NULL, NULL, 1);
INSERT INTO uthbaldata VALUES (483, 2000, 11, 31, 14, 44.299999999999997, 42.700000000000003, NULL, NULL, 1);
INSERT INTO uthbaldata VALUES (484, 2000, 12, 30, 8.4000000000000004, 39.100000000000001, 19.300000000000001, NULL, NULL, 1);
INSERT INTO uthbaldata VALUES (485, 2001, 1, 28, 7.7999999999999998, 67.099999999999994, 17.800000000000001, NULL, NULL, 1);
INSERT INTO uthbaldata VALUES (486, 2001, 2, 31, 9.3000000000000007, 36.799999999999997, 23.399999999999999, 0.62, 8.2799999999999994, 1);
INSERT INTO uthbaldata VALUES (487, 2001, 3, 30, 15.199999999999999, 29.699999999999999, 59.200000000000003, 0.92000000000000004, 12.380000000000001, 1);
INSERT INTO uthbaldata VALUES (488, 2001, 4, 31, 14.800000000000001, 61.100000000000001, 61.299999999999997, 2.9500000000000002, 39.659999999999997, 1);
INSERT INTO uthbaldata VALUES (489, 2001, 5, 30, 19.300000000000001, 72.599999999999994, 102.2, 2.9900000000000002, 40.270000000000003, 1);
INSERT INTO uthbaldata VALUES (490, 2001, 6, 31, 24.100000000000001, 12.5, 143.5, NULL, NULL, 1);
INSERT INTO uthbaldata VALUES (491, 2001, 7, 30, 27, 23.800000000000001, 172.80000000000001, NULL, NULL, 1);
INSERT INTO uthbaldata VALUES (492, 2001, 8, 31, 24.600000000000001, 20.100000000000001, 140.5, NULL, NULL, 1);
INSERT INTO uthbaldata VALUES (493, 2001, 9, 31, 20, 8.0999999999999996, 90.400000000000006, NULL, NULL, 1);
INSERT INTO uthbaldata VALUES (494, 2001, 10, 30, 16.899999999999999, 27.899999999999999, 64.799999999999997, NULL, NULL, 1);
INSERT INTO uthbaldata VALUES (495, 2001, 11, 31, 8.8000000000000007, 47.700000000000003, 21.5, NULL, NULL, 1);
INSERT INTO uthbaldata VALUES (496, 2001, 12, 30, 1.8999999999999999, 82.099999999999994, 2.1000000000000001, NULL, NULL, 1);
INSERT INTO uthbaldata VALUES (497, 2002, 1, 28, 3.2999999999999998, 35.600000000000001, 4.9000000000000004, NULL, NULL, 1);
INSERT INTO uthbaldata VALUES (498, 2002, 2, 31, 8.5999999999999996, 30, 20.800000000000001, NULL, NULL, 1);
INSERT INTO uthbaldata VALUES (499, 2002, 3, 30, 10.9, 74.900000000000006, 36, NULL, NULL, 1);
INSERT INTO uthbaldata VALUES (500, 2002, 4, 31, 12.4, 69.900000000000006, 47, NULL, NULL, 1);
INSERT INTO uthbaldata VALUES (501, 2002, 5, 30, 18, 21.300000000000001, 92.599999999999994, NULL, NULL, 1);
INSERT INTO uthbaldata VALUES (502, 2002, 6, 31, 25.199999999999999, 6, 153.80000000000001, NULL, NULL, 1);
INSERT INTO uthbaldata VALUES (503, 2002, 7, 30, 25, 76.700000000000003, 153.90000000000001, NULL, NULL, 1);
INSERT INTO uthbaldata VALUES (504, 2002, 8, 31, 23.5, 12.6, 131.5, NULL, NULL, 1);
INSERT INTO uthbaldata VALUES (505, 2002, 9, 31, 19.800000000000001, 118.3, 88.900000000000006, NULL, NULL, 1);
INSERT INTO uthbaldata VALUES (1001, 1960, 10, 30, 17.800000000000001, 25.699999999999999, 67.400000000000006, NULL, NULL, 2);
INSERT INTO uthbaldata VALUES (1002, 1960, 11, 31, 13, 33.399999999999999, 36, NULL, NULL, 2);
INSERT INTO uthbaldata VALUES (1003, 1960, 12, 30, 9.3000000000000007, 111.09999999999999, 20.399999999999999, NULL, NULL, 2);
INSERT INTO uthbaldata VALUES (1004, 1961, 1, 28, 5, 45.200000000000003, 8, NULL, NULL, 2);
INSERT INTO uthbaldata VALUES (1005, 1961, 2, 31, 6, 23.5, 10.5, NULL, NULL, 2);
INSERT INTO uthbaldata VALUES (1006, 1961, 3, 30, 11, 57.600000000000001, 33.700000000000003, NULL, NULL, 2);
INSERT INTO uthbaldata VALUES (1007, 1961, 4, 31, 15.1, 24.600000000000001, 60.100000000000001, NULL, NULL, 2);
INSERT INTO uthbaldata VALUES (1008, 1961, 5, 30, 18.600000000000001, 27.899999999999999, 93.5, NULL, NULL, 2);
INSERT INTO uthbaldata VALUES (1009, 1961, 6, 31, 23.300000000000001, 20.5, 135, NULL, NULL, 2);
INSERT INTO uthbaldata VALUES (1010, 1961, 7, 30, 25.199999999999999, 23.600000000000001, 155.30000000000001, NULL, NULL, 2);
INSERT INTO uthbaldata VALUES (1011, 1961, 8, 31, 25.199999999999999, 10.4, 144.90000000000001, NULL, NULL, 2);
INSERT INTO uthbaldata VALUES (1012, 1961, 9, 31, 20.899999999999999, 15.699999999999999, 94.5, NULL, NULL, 2);
INSERT INTO uthbaldata VALUES (1013, 1961, 10, 30, 16.199999999999999, 56.5, 58.5, NULL, NULL, 2);
INSERT INTO uthbaldata VALUES (1014, 1961, 11, 31, 12.699999999999999, 46.799999999999997, 34.399999999999999, NULL, NULL, 2);
INSERT INTO uthbaldata VALUES (1015, 1961, 12, 30, 5.9000000000000004, 61.799999999999997, 10.1, NULL, NULL, 2);
INSERT INTO uthbaldata VALUES (1016, 1962, 1, 28, 5.0999999999999996, 27.800000000000001, 8.3000000000000007, NULL, NULL, 2);
INSERT INTO uthbaldata VALUES (1017, 1962, 2, 31, 5, 40.799999999999997, 7.9000000000000004, NULL, NULL, 2);
INSERT INTO uthbaldata VALUES (1018, 1962, 3, 30, 10.300000000000001, 37.299999999999997, 30.5, NULL, NULL, 2);
INSERT INTO uthbaldata VALUES (1019, 1962, 4, 31, 13.6, 21.399999999999999, 51, NULL, NULL, 2);
INSERT INTO uthbaldata VALUES (1020, 1962, 5, 30, 19.399999999999999, 27.100000000000001, 100.3, NULL, NULL, 2);
INSERT INTO uthbaldata VALUES (1021, 1962, 6, 31, 23.199999999999999, 6, 134, NULL, NULL, 2);
INSERT INTO uthbaldata VALUES (1022, 1962, 7, 30, 25.899999999999999, 21.300000000000001, 161.59999999999999, NULL, NULL, 2);
INSERT INTO uthbaldata VALUES (1023, 1962, 8, 31, 26.300000000000001, 7.0999999999999996, 155, NULL, NULL, 2);
INSERT INTO uthbaldata VALUES (1024, 1962, 9, 31, 20.899999999999999, 211.30000000000001, 94.599999999999994, NULL, NULL, 2);
INSERT INTO uthbaldata VALUES (1025, 1962, 10, 30, 16, 120.8, 57.299999999999997, NULL, NULL, 2);
INSERT INTO uthbaldata VALUES (1026, 1962, 11, 31, 13.300000000000001, 86, 37.299999999999997, NULL, NULL, 2);
INSERT INTO uthbaldata VALUES (1027, 1962, 12, 30, 5, 104.2, 7.5999999999999996, NULL, NULL, 2);
INSERT INTO uthbaldata VALUES (1028, 1963, 1, 28, 4.5, 50.5, 6.7999999999999998, NULL, NULL, 2);
INSERT INTO uthbaldata VALUES (1029, 1963, 2, 31, 6.9000000000000004, 47.799999999999997, 13.199999999999999, NULL, NULL, 2);
INSERT INTO uthbaldata VALUES (1030, 1963, 3, 30, 8.3000000000000007, 45.799999999999997, 21.600000000000001, NULL, NULL, 2);
INSERT INTO uthbaldata VALUES (1031, 1963, 4, 31, 13.300000000000001, 24.600000000000001, 49.200000000000003, NULL, NULL, 2);
INSERT INTO uthbaldata VALUES (1032, 1963, 5, 30, 17.600000000000001, 42.399999999999999, 86.200000000000003, NULL, NULL, 2);
INSERT INTO uthbaldata VALUES (1033, 1963, 6, 31, 23.100000000000001, 17.699999999999999, 133.09999999999999, NULL, NULL, 2);
INSERT INTO uthbaldata VALUES (1034, 1963, 7, 30, 25.699999999999999, 20.899999999999999, 160.30000000000001, NULL, NULL, 2);
INSERT INTO uthbaldata VALUES (1035, 1963, 8, 31, 26.100000000000001, 13.300000000000001, 153, NULL, NULL, 2);
INSERT INTO uthbaldata VALUES (1036, 1963, 9, 31, 20.899999999999999, 15.199999999999999, 94.599999999999994, NULL, NULL, 2);
INSERT INTO uthbaldata VALUES (1037, 1963, 10, 30, 15.9, 115.3, 56.700000000000003, NULL, NULL, 2);
INSERT INTO uthbaldata VALUES (1038, 1963, 11, 31, 12.699999999999999, 57.399999999999999, 34.299999999999997, NULL, NULL, 2);
INSERT INTO uthbaldata VALUES (1039, 1963, 12, 30, 7.2999999999999998, 61.700000000000003, 14, NULL, NULL, 2);
INSERT INTO uthbaldata VALUES (1040, 1964, 1, 28, 3.8999999999999999, 38.899999999999999, 5.5, NULL, NULL, 2);
INSERT INTO uthbaldata VALUES (1041, 1964, 2, 31, 6, 21.699999999999999, 10.5, NULL, NULL, 2);
INSERT INTO uthbaldata VALUES (1042, 1964, 3, 30, 9.5999999999999996, 54.100000000000001, 27.399999999999999, NULL, NULL, 2);
INSERT INTO uthbaldata VALUES (1043, 1964, 4, 31, 13.300000000000001, 21.199999999999999, 49.200000000000003, NULL, NULL, 2);
INSERT INTO uthbaldata VALUES (1044, 1964, 5, 30, 17.5, 46, 85.299999999999997, NULL, NULL, 2);
INSERT INTO uthbaldata VALUES (1045, 1964, 6, 31, 22.399999999999999, 41.799999999999997, 126.8, NULL, NULL, 2);
INSERT INTO uthbaldata VALUES (1046, 1964, 7, 30, 24.5, 21, 148.90000000000001, NULL, NULL, 2);
INSERT INTO uthbaldata VALUES (1047, 1964, 8, 31, 24.5, 8.0999999999999996, 138.59999999999999, NULL, NULL, 2);
INSERT INTO uthbaldata VALUES (1048, 1964, 9, 31, 20.899999999999999, 71.900000000000006, 94.299999999999997, NULL, NULL, 2);
INSERT INTO uthbaldata VALUES (1049, 1964, 10, 30, 17.300000000000001, 36.100000000000001, 64.900000000000006, NULL, NULL, 2);
INSERT INTO uthbaldata VALUES (1050, 1964, 11, 31, 12, 43.5, 31.5, NULL, NULL, 2);
INSERT INTO uthbaldata VALUES (1051, 1964, 12, 30, 7.2000000000000002, 57.799999999999997, 13.699999999999999, NULL, NULL, 2);
INSERT INTO uthbaldata VALUES (1052, 1965, 1, 28, 5.4000000000000004, 52.200000000000003, 8.9000000000000004, NULL, NULL, 2);
INSERT INTO uthbaldata VALUES (1053, 1965, 2, 31, 3.5, 42.899999999999999, 4.5999999999999996, NULL, NULL, 2);
INSERT INTO uthbaldata VALUES (1054, 1965, 3, 30, 9.0999999999999996, 43.399999999999999, 25.300000000000001, NULL, NULL, 2);
INSERT INTO uthbaldata VALUES (1055, 1965, 4, 31, 12.699999999999999, 31.600000000000001, 45.600000000000001, NULL, NULL, 2);
INSERT INTO uthbaldata VALUES (1056, 1965, 5, 30, 17.5, 30.199999999999999, 84.900000000000006, NULL, NULL, 2);
INSERT INTO uthbaldata VALUES (1057, 1965, 6, 31, 22.699999999999999, 31.899999999999999, 129.5, NULL, NULL, 2);
INSERT INTO uthbaldata VALUES (1058, 1965, 7, 30, 25.699999999999999, 51.100000000000001, 159.59999999999999, NULL, NULL, 2);
INSERT INTO uthbaldata VALUES (1059, 1965, 8, 31, 23.800000000000001, 7, 132.5, NULL, NULL, 2);
INSERT INTO uthbaldata VALUES (1060, 1965, 9, 31, 20.899999999999999, 4.7000000000000002, 94.5, NULL, NULL, 2);
INSERT INTO uthbaldata VALUES (1061, 1965, 10, 30, 14.699999999999999, 28.899999999999999, 50.100000000000001, NULL, NULL, 2);
INSERT INTO uthbaldata VALUES (1062, 1965, 11, 31, 11, 47.100000000000001, 27.699999999999999, NULL, NULL, 2);
INSERT INTO uthbaldata VALUES (1063, 1965, 12, 30, 7.5, 37.399999999999999, 14.5, NULL, NULL, 2);
INSERT INTO uthbaldata VALUES (1064, 1966, 1, 28, 4.4000000000000004, 62.100000000000001, 6.5, NULL, NULL, 2);
INSERT INTO uthbaldata VALUES (1065, 1966, 2, 31, 9.6999999999999993, 18.399999999999999, 22.5, NULL, NULL, 2);
INSERT INTO uthbaldata VALUES (1066, 1966, 3, 30, 9.4000000000000004, 38.5, 26.5, NULL, NULL, 2);
INSERT INTO uthbaldata VALUES (1067, 1966, 4, 31, 14.5, 25.5, 56.200000000000003, NULL, NULL, 2);
INSERT INTO uthbaldata VALUES (1068, 1966, 5, 30, 17.899999999999999, 44.100000000000001, 88.5, NULL, NULL, 2);
INSERT INTO uthbaldata VALUES (1069, 1966, 6, 31, 21.899999999999999, 29.699999999999999, 122.5, NULL, NULL, 2);
INSERT INTO uthbaldata VALUES (1070, 1966, 7, 30, 25.899999999999999, 8.5, 161.59999999999999, NULL, NULL, 2);
INSERT INTO uthbaldata VALUES (1071, 1966, 8, 31, 26, 12.800000000000001, 152.40000000000001, 0.77000000000000002, 10.289999999999999, 2);
INSERT INTO uthbaldata VALUES (1072, 1966, 9, 31, 20.899999999999999, 17.300000000000001, 94.5, 0.96999999999999997, 13.08, 2);
INSERT INTO uthbaldata VALUES (1073, 1966, 10, 30, 20, 52.799999999999997, 81.200000000000003, 2.04, 27.43, 2);
INSERT INTO uthbaldata VALUES (1074, 1966, 11, 31, 12.4, 100.3, 33.100000000000001, 8.1600000000000001, 109.68000000000001, 2);
INSERT INTO uthbaldata VALUES (1075, 1966, 12, 30, 6.9000000000000004, 74.599999999999994, 12.9, 26, 349.70999999999998, 2);
INSERT INTO uthbaldata VALUES (1076, 1967, 1, 28, 4.5, 25.699999999999999, 6.5999999999999996, 4.2800000000000002, 57.520000000000003, 2);
INSERT INTO uthbaldata VALUES (1077, 1967, 2, 31, 5.2000000000000002, 26.199999999999999, 8.5, 3.8199999999999998, 51.399999999999999, 2);
INSERT INTO uthbaldata VALUES (1078, 1967, 3, 30, 9.6999999999999993, 37.700000000000003, 27.800000000000001, 5.0700000000000003, 68.140000000000001, 2);
INSERT INTO uthbaldata VALUES (1079, 1967, 4, 31, 13.199999999999999, 30.399999999999999, 48.700000000000003, 2.9199999999999999, 39.310000000000002, 2);
INSERT INTO uthbaldata VALUES (1080, 1967, 5, 30, 18.300000000000001, 46.100000000000001, 91.599999999999994, 2.8399999999999999, 38.149999999999999, 2);
INSERT INTO uthbaldata VALUES (1081, 1967, 6, 31, 21.800000000000001, 7.5999999999999996, 121.59999999999999, 1, 13.460000000000001, 2);
INSERT INTO uthbaldata VALUES (1082, 1967, 7, 30, 24.300000000000001, 42.700000000000003, 146.5, 0.76000000000000001, 10.199999999999999, 2);
INSERT INTO uthbaldata VALUES (1083, 1967, 8, 31, 25.5, 20.399999999999999, 148, 4.0899999999999999, 55, 2);
INSERT INTO uthbaldata VALUES (1084, 1967, 9, 31, 20.899999999999999, 101.90000000000001, 94.400000000000006, 2.98, 40.119999999999997, 2);
INSERT INTO uthbaldata VALUES (1085, 1967, 10, 30, 17.5, 41.200000000000003, 65.5, 2.0699999999999998, 27.859999999999999, 2);
INSERT INTO uthbaldata VALUES (1086, 1967, 11, 31, 11.699999999999999, 61.5, 30.399999999999999, 2.27, 30.559999999999999, 2);
INSERT INTO uthbaldata VALUES (1087, 1967, 12, 30, 6.7999999999999998, 52.600000000000001, 12.6, 4.1200000000000001, 55.380000000000003, 2);
INSERT INTO uthbaldata VALUES (1088, 1968, 1, 28, 3.2000000000000002, 44.100000000000001, 3.8999999999999999, 10.98, 147.62, 2);
INSERT INTO uthbaldata VALUES (1089, 1968, 2, 31, 7.7000000000000002, 31.899999999999999, 15.800000000000001, 4.5599999999999996, 61.280000000000001, 2);
INSERT INTO uthbaldata VALUES (1090, 1968, 3, 30, 8.6999999999999993, 39.299999999999997, 23.199999999999999, 4.4900000000000002, 60.369999999999997, 2);
INSERT INTO uthbaldata VALUES (1091, 1968, 4, 31, 14.6, 23.300000000000001, 57.100000000000001, 2.1499999999999999, 28.960000000000001, 2);
INSERT INTO uthbaldata VALUES (1092, 1968, 5, 30, 19.600000000000001, 57.799999999999997, 101.7, 5.2199999999999998, 70.219999999999999, 2);
INSERT INTO uthbaldata VALUES (1093, 1968, 6, 31, 21.699999999999999, 14.800000000000001, 120.7, 1.3799999999999999, 18.539999999999999, 2);
INSERT INTO uthbaldata VALUES (1094, 1968, 7, 30, 25.300000000000001, 6.4000000000000004, 155.90000000000001, 0.68999999999999995, 9.3100000000000005, 2);
INSERT INTO uthbaldata VALUES (1095, 1968, 8, 31, 24.399999999999999, 8.5999999999999996, 137.40000000000001, 1.1899999999999999, 16.010000000000002, 2);
INSERT INTO uthbaldata VALUES (1096, 1968, 9, 31, 20.899999999999999, 65.700000000000003, 94.5, 0.51000000000000001, 6.8399999999999999, 2);
INSERT INTO uthbaldata VALUES (1097, 1968, 10, 30, 15.199999999999999, 76.799999999999997, 52.799999999999997, 1.5700000000000001, 21.07, 2);
INSERT INTO uthbaldata VALUES (1098, 1968, 11, 31, 11.9, 74.700000000000003, 31.100000000000001, 6.29, 84.599999999999994, 2);
INSERT INTO uthbaldata VALUES (1099, 1968, 12, 30, 6.2999999999999998, 70.900000000000006, 11.1, 17.52, 235.55000000000001, 2);
INSERT INTO uthbaldata VALUES (1100, 1969, 1, 28, 4.5999999999999996, 61.299999999999997, 6.9000000000000004, 29.149999999999999, 391.97000000000003, 2);
INSERT INTO uthbaldata VALUES (1101, 1969, 2, 31, 7.7999999999999998, 35, 16.100000000000001, 17.18, 230.99000000000001, 2);
INSERT INTO uthbaldata VALUES (1102, 1969, 3, 30, 8.9000000000000004, 53.100000000000001, 24, 35.729999999999997, 480.51999999999998, 2);
INSERT INTO uthbaldata VALUES (1103, 1969, 4, 31, 12.6, 22.100000000000001, 45.200000000000003, 10.49, 141.08000000000001, 2);
INSERT INTO uthbaldata VALUES (1104, 1969, 5, 30, 19.5, 15.199999999999999, 101.3, 2.5, 33.609999999999999, 2);
INSERT INTO uthbaldata VALUES (1105, 1969, 6, 31, 23.300000000000001, 10.4, 134.90000000000001, 1.1599999999999999, 15.65, 2);
INSERT INTO uthbaldata VALUES (1106, 1969, 7, 30, 24.600000000000001, 7, 148.90000000000001, 1.1899999999999999, 16.039999999999999, 2);
INSERT INTO uthbaldata VALUES (1107, 1969, 8, 31, 25.100000000000001, 7.5, 144.19999999999999, 0.92000000000000004, 12.41, 2);
INSERT INTO uthbaldata VALUES (1108, 1969, 9, 31, 20.899999999999999, 32.600000000000001, 94.5, 3.0699999999999998, 41.280000000000001, 2);
INSERT INTO uthbaldata VALUES (1109, 1969, 10, 30, 15, 22.800000000000001, 51.700000000000003, 1.6200000000000001, 21.829999999999998, 2);
INSERT INTO uthbaldata VALUES (1110, 1969, 11, 31, 12.1, 35.899999999999999, 31.899999999999999, 2.25, 30.289999999999999, 2);
INSERT INTO uthbaldata VALUES (1111, 1969, 12, 30, 7.2999999999999998, 89.900000000000006, 14, 9.0099999999999998, 121.22, 2);
INSERT INTO uthbaldata VALUES (1112, 1970, 1, 28, 6, 31.899999999999999, 10.6, 4.3700000000000001, 58.770000000000003, 2);
INSERT INTO uthbaldata VALUES (1113, 1970, 2, 31, 8, 46.799999999999997, 16.699999999999999, 2.5600000000000001, 34.43, 2);
INSERT INTO uthbaldata VALUES (1114, 1970, 3, 30, 9.8000000000000007, 39.899999999999999, 28.300000000000001, 3.6299999999999999, 48.810000000000002, 2);
INSERT INTO uthbaldata VALUES (1115, 1970, 4, 31, 14.5, 19.5, 56.5, 2.5, 33.640000000000001, 2);
INSERT INTO uthbaldata VALUES (1116, 1970, 5, 30, 17.199999999999999, 58.799999999999997, 82.799999999999997, 3.6899999999999999, 49.57, 2);
INSERT INTO uthbaldata VALUES (1117, 1970, 6, 31, 23.300000000000001, 21.399999999999999, 135.30000000000001, 1.9299999999999999, 26, 2);
INSERT INTO uthbaldata VALUES (1118, 1970, 7, 30, 25.100000000000001, 13.4, 153.90000000000001, 0.65000000000000002, 8.8000000000000007, 2);
INSERT INTO uthbaldata VALUES (1119, 1970, 8, 31, 25.899999999999999, 9.1999999999999993, 151.40000000000001, 0.81999999999999995, 11.029999999999999, 2);
INSERT INTO uthbaldata VALUES (1120, 1970, 9, 31, 20.899999999999999, 15.5, 94.5, 0.73999999999999999, 9.9199999999999999, 2);
INSERT INTO uthbaldata VALUES (1121, 1970, 10, 30, 15, 30.199999999999999, 51.299999999999997, 3.98, 53.509999999999998, 2);
INSERT INTO uthbaldata VALUES (1122, 1970, 11, 31, 10.9, 27.100000000000001, 27.300000000000001, 1.27, 17.129999999999999, 2);
INSERT INTO uthbaldata VALUES (1123, 1970, 12, 30, 5.7999999999999998, 42.299999999999997, 9.5999999999999996, 1.3600000000000001, 18.329999999999998, 2);
INSERT INTO uthbaldata VALUES (1124, 1971, 1, 28, 5.9000000000000004, 39.100000000000001, 10.300000000000001, 3.2400000000000002, 43.619999999999997, 2);
INSERT INTO uthbaldata VALUES (1125, 1971, 2, 31, 6, 54.299999999999997, 10.5, 4.54, 60.990000000000002, 2);
INSERT INTO uthbaldata VALUES (1126, 1971, 3, 30, 8.0999999999999996, 55.399999999999999, 20.800000000000001, 8.5099999999999998, 114.42, 2);
INSERT INTO uthbaldata VALUES (1127, 1971, 4, 31, 12.800000000000001, 22.600000000000001, 46.399999999999999, 4.9800000000000004, 66.920000000000002, 2);
INSERT INTO uthbaldata VALUES (1128, 1971, 5, 30, 19.100000000000001, 32.200000000000003, 97.5, 0.79000000000000004, 10.640000000000001, 2);
INSERT INTO uthbaldata VALUES (1129, 1971, 6, 31, 24, 22.899999999999999, 141.40000000000001, 1.78, 23.940000000000001, 2);
INSERT INTO uthbaldata VALUES (1130, 1971, 7, 30, 23.899999999999999, 61.200000000000003, 142.69999999999999, 1.6799999999999999, 22.649999999999999, 2);
INSERT INTO uthbaldata VALUES (1131, 1971, 8, 31, 25.5, 15.4, 147.40000000000001, 1.29, 17.32, 2);
INSERT INTO uthbaldata VALUES (1132, 1971, 9, 31, 20.899999999999999, 40.100000000000001, 94.200000000000003, 1.3400000000000001, 18.050000000000001, 2);
INSERT INTO uthbaldata VALUES (1133, 1971, 10, 30, 13.9, 62.399999999999999, 45.799999999999997, 1.98, 26.579999999999998, 2);
INSERT INTO uthbaldata VALUES (1134, 1971, 11, 31, 10.699999999999999, 17.699999999999999, 26.5, 1.45, 19.449999999999999, 2);
INSERT INTO uthbaldata VALUES (1135, 1971, 12, 30, 6.2000000000000002, 40.700000000000003, 10.800000000000001, 2.52, 33.829999999999998, 2);
INSERT INTO uthbaldata VALUES (1136, 1972, 1, 28, 5.2000000000000002, 52.399999999999999, 8.4000000000000004, 3.96, 53.25, 2);
INSERT INTO uthbaldata VALUES (1137, 1972, 2, 31, 6.4000000000000004, 60.399999999999999, 11.800000000000001, 1.8500000000000001, 24.84, 2);
INSERT INTO uthbaldata VALUES (1138, 1972, 3, 30, 9.1999999999999993, 44.600000000000001, 25.699999999999999, 4.8300000000000001, 64.989999999999995, 2);
INSERT INTO uthbaldata VALUES (1139, 1972, 4, 31, 14, 54.700000000000003, 53.299999999999997, 9.8200000000000003, 132.12, 2);
INSERT INTO uthbaldata VALUES (1140, 1972, 5, 30, 18.5, 29.399999999999999, 93.200000000000003, 4.1500000000000004, 55.840000000000003, 2);
INSERT INTO uthbaldata VALUES (1141, 1972, 6, 31, 24.399999999999999, 17.899999999999999, 145.09999999999999, 1.99, 26.75, 2);
INSERT INTO uthbaldata VALUES (1142, 1972, 7, 30, 24.800000000000001, 122.5, 151.59999999999999, 2.4199999999999999, 32.530000000000001, 2);
INSERT INTO uthbaldata VALUES (1143, 1972, 8, 31, 24.699999999999999, 20.699999999999999, 140.59999999999999, 2.3700000000000001, 31.850000000000001, 2);
INSERT INTO uthbaldata VALUES (1144, 1972, 9, 31, 20.899999999999999, 33.5, 94.400000000000006, 2.02, 27.140000000000001, 2);
INSERT INTO uthbaldata VALUES (1145, 1972, 10, 30, 12.5, 111.2, 38.799999999999997, 2.5299999999999998, 34.07, 2);
INSERT INTO uthbaldata VALUES (1146, 1972, 11, 31, 11.5, 42.100000000000001, 29.699999999999999, 2.4399999999999999, 32.799999999999997, 2);
INSERT INTO uthbaldata VALUES (1147, 1972, 12, 30, 5.2999999999999998, 19.600000000000001, 8.4000000000000004, 2.1800000000000002, 29.370000000000001, 2);
INSERT INTO uthbaldata VALUES (1148, 1973, 1, 28, 4.5, 56.600000000000001, 6.7000000000000002, 5.0700000000000003, 68.129999999999995, 2);
INSERT INTO uthbaldata VALUES (1149, 1973, 2, 31, 6.7000000000000002, 33, 12.5, NULL, NULL, 2);
INSERT INTO uthbaldata VALUES (1150, 1973, 3, 30, 6.2999999999999998, 47.299999999999997, 14.1, 7.5300000000000002, 101.20999999999999, 2);
INSERT INTO uthbaldata VALUES (1151, 1973, 4, 31, 11.9, 22.300000000000001, 41.399999999999999, 7.29, 98.079999999999998, 2);
INSERT INTO uthbaldata VALUES (1152, 1973, 5, 30, 18.5, 12.800000000000001, 92.599999999999994, 1.3500000000000001, 18.140000000000001, 2);
INSERT INTO uthbaldata VALUES (1153, 1973, 6, 31, 22, 4.7999999999999998, 123.09999999999999, 0.83999999999999997, 11.279999999999999, 2);
INSERT INTO uthbaldata VALUES (1154, 1973, 7, 30, 25.800000000000001, 37.399999999999999, 160.69999999999999, 0.62, 8.3599999999999994, 2);
INSERT INTO uthbaldata VALUES (1155, 1973, 8, 31, 23, 18.600000000000001, 125.5, 1.26, 17.010000000000002, 2);
INSERT INTO uthbaldata VALUES (1156, 1973, 9, 31, 21.100000000000001, 70.799999999999997, 96.200000000000003, 2.8999999999999999, 39.020000000000003, 2);
INSERT INTO uthbaldata VALUES (1157, 1973, 10, 30, 16.300000000000001, 79.400000000000006, 58.799999999999997, 1.4199999999999999, 19.100000000000001, 2);
INSERT INTO uthbaldata VALUES (1158, 1973, 11, 31, 8.9000000000000004, 42.200000000000003, 19.699999999999999, 1.3100000000000001, 17.640000000000001, 2);
INSERT INTO uthbaldata VALUES (1159, 1973, 12, 30, 5.5, 55.100000000000001, 8.9000000000000004, 3.29, 44.18, 2);
INSERT INTO uthbaldata VALUES (1160, 1974, 1, 28, 5.7999999999999998, 47.600000000000001, 10, 15.279999999999999, 205.5, 2);
INSERT INTO uthbaldata VALUES (1161, 1974, 2, 31, 6.5999999999999996, 62.899999999999999, 12.300000000000001, NULL, NULL, 2);
INSERT INTO uthbaldata VALUES (1162, 1974, 3, 30, 9.9000000000000004, 44.399999999999999, 28.699999999999999, NULL, NULL, 2);
INSERT INTO uthbaldata VALUES (1163, 1974, 4, 31, 11.300000000000001, 46.200000000000003, 37.700000000000003, 8.5299999999999994, 114.67, 2);
INSERT INTO uthbaldata VALUES (1164, 1974, 5, 30, 16.600000000000001, 27.300000000000001, 78.099999999999994, NULL, NULL, 2);
INSERT INTO uthbaldata VALUES (1165, 1974, 6, 31, 22.600000000000001, 30.399999999999999, 128.80000000000001, NULL, NULL, 2);
INSERT INTO uthbaldata VALUES (1166, 1974, 7, 30, 23.399999999999999, 5.5999999999999996, 137.80000000000001, 1.3600000000000001, 18.34, 2);
INSERT INTO uthbaldata VALUES (1167, 1974, 8, 31, 23.5, 3.2999999999999998, 129.30000000000001, 0.70999999999999996, 9.6099999999999994, 2);
INSERT INTO uthbaldata VALUES (1168, 1974, 9, 31, 20.199999999999999, 21.199999999999999, 89.299999999999997, 3.4100000000000001, 45.920000000000002, 2);
INSERT INTO uthbaldata VALUES (1169, 1974, 10, 30, 16.899999999999999, 30.399999999999999, 62.5, 0.95999999999999996, 12.960000000000001, 2);
INSERT INTO uthbaldata VALUES (1170, 1974, 11, 31, 10.699999999999999, 61.700000000000003, 26.300000000000001, 1.9099999999999999, 25.649999999999999, 2);
INSERT INTO uthbaldata VALUES (1171, 1974, 12, 30, 4.4000000000000004, 41.200000000000003, 6.2000000000000002, 2.27, 30.559999999999999, 2);
INSERT INTO uthbaldata VALUES (1172, 1975, 1, 28, 4.2999999999999998, 31.399999999999999, 6.2000000000000002, 3.3100000000000001, 44.479999999999997, 2);
INSERT INTO uthbaldata VALUES (1173, 1975, 2, 31, 5.2999999999999998, 48.200000000000003, 8.5999999999999996, 5, 67.280000000000001, 2);
INSERT INTO uthbaldata VALUES (1174, 1975, 3, 30, 9.1999999999999993, 30.100000000000001, 25.399999999999999, 6.0599999999999996, 81.439999999999998, 2);
INSERT INTO uthbaldata VALUES (1175, 1975, 4, 31, 13.800000000000001, 29.5, 51.899999999999999, 3.5299999999999998, 47.469999999999999, 2);
INSERT INTO uthbaldata VALUES (1176, 1975, 5, 30, 17.600000000000001, 30.5, 85.799999999999997, 4.7999999999999998, 64.5, 2);
INSERT INTO uthbaldata VALUES (1177, 1975, 6, 31, 21.5, 92.299999999999997, 118.5, 4.0599999999999996, 54.600000000000001, 2);
INSERT INTO uthbaldata VALUES (1178, 1975, 7, 30, 25, 9.8000000000000007, 153, 2.3799999999999999, 31.969999999999999, 2);
INSERT INTO uthbaldata VALUES (1179, 1975, 8, 31, 23.300000000000001, 29.100000000000001, 128, 1.01, 13.640000000000001, 2);
INSERT INTO uthbaldata VALUES (1180, 1975, 9, 31, 22.100000000000001, 23.100000000000001, 103.5, 3.7599999999999998, 50.630000000000003, 2);
INSERT INTO uthbaldata VALUES (1181, 1975, 10, 30, 15.300000000000001, 45.5, 53.399999999999999, 1.55, 20.82, 2);
INSERT INTO uthbaldata VALUES (1182, 1975, 11, 31, 11.1, 61.299999999999997, 28, 1.3799999999999999, 18.559999999999999, 2);
INSERT INTO uthbaldata VALUES (1183, 1975, 12, 30, 5.2999999999999998, 46.700000000000003, 8.5, NULL, NULL, 2);
INSERT INTO uthbaldata VALUES (1184, 1976, 1, 28, 5.2999999999999998, 47, 8.8000000000000007, 2.21, 29.649999999999999, 2);
INSERT INTO uthbaldata VALUES (1185, 1976, 2, 31, 5.5, 60, 9.3000000000000007, 30.920000000000002, 415.74000000000001, 2);
INSERT INTO uthbaldata VALUES (1186, 1976, 3, 30, 8.5, 33.100000000000001, 22.5, 7.7599999999999998, 104.34999999999999, 2);
INSERT INTO uthbaldata VALUES (1187, 1976, 4, 31, 14.5, 37.5, 56.399999999999999, 9.2799999999999994, 124.75, 2);
INSERT INTO uthbaldata VALUES (1188, 1976, 5, 30, 17.5, 75.700000000000003, 85.400000000000006, 7.6200000000000001, 102.48, 2);
INSERT INTO uthbaldata VALUES (1189, 1976, 6, 31, 21.300000000000001, 7.7999999999999998, 116.8, 2.6000000000000001, 34.990000000000002, 2);
INSERT INTO uthbaldata VALUES (1190, 1976, 7, 30, 23.899999999999999, 45.299999999999997, 142.5, 0.81999999999999995, 11.08, 2);
INSERT INTO uthbaldata VALUES (1191, 1976, 8, 31, 21.699999999999999, 24.100000000000001, 114.2, 2.7799999999999998, 37.350000000000001, 2);
INSERT INTO uthbaldata VALUES (1192, 1976, 9, 31, 19.600000000000001, 19, 85.400000000000006, 4.7599999999999998, 64.040000000000006, 2);
INSERT INTO uthbaldata VALUES (1193, 1976, 10, 30, 16.600000000000001, 44.5, 60.5, 3.29, 44.210000000000001, 2);
INSERT INTO uthbaldata VALUES (1194, 1976, 11, 31, 11.5, 55.5, 29.5, 2.4900000000000002, 33.549999999999997, 2);
INSERT INTO uthbaldata VALUES (1195, 1976, 12, 30, 5.7999999999999998, 29, 9.6999999999999993, 2.2999999999999998, 30.879999999999999, 2);
INSERT INTO uthbaldata VALUES (1196, 1977, 1, 28, 5.2000000000000002, 18.800000000000001, 8.4000000000000004, 2.27, 30.579999999999998, 2);
INSERT INTO uthbaldata VALUES (1197, 1977, 2, 31, 10, 37.700000000000003, 23.800000000000001, 2.0899999999999999, 28.129999999999999, 2);
INSERT INTO uthbaldata VALUES (1198, 1977, 3, 30, 10.199999999999999, 30.5, 30, 1.25, 16.850000000000001, 2);
INSERT INTO uthbaldata VALUES (1199, 1977, 4, 31, 13.300000000000001, 23.800000000000001, 48.899999999999999, 1.3899999999999999, 18.670000000000002, 2);
INSERT INTO uthbaldata VALUES (1200, 1977, 5, 30, 19.899999999999999, 32.5, 104.09999999999999, 1.8700000000000001, 25.16, 2);
INSERT INTO uthbaldata VALUES (1201, 1977, 6, 31, 23.300000000000001, 13.9, 134.59999999999999, 1.71, 23, 2);
INSERT INTO uthbaldata VALUES (1202, 1977, 7, 30, 26.5, 11.1, 167.59999999999999, 1.1200000000000001, 15.1, 2);
INSERT INTO uthbaldata VALUES (1203, 1977, 8, 31, 25.199999999999999, 13.199999999999999, 145, 1.1200000000000001, 15.1, 2);
INSERT INTO uthbaldata VALUES (1204, 1977, 9, 31, 20.100000000000001, 36.5, 88.900000000000006, 0.80000000000000004, 10.77, 2);
INSERT INTO uthbaldata VALUES (1205, 1977, 10, 30, 14.199999999999999, 37.799999999999997, 47.399999999999999, 0.70999999999999996, 9.5999999999999996, 2);
INSERT INTO uthbaldata VALUES (1206, 1977, 11, 31, 10, 66, 23.600000000000001, 0.53000000000000003, 7.1200000000000001, 2);
INSERT INTO uthbaldata VALUES (1207, 1977, 12, 30, 4.2999999999999998, 78, 6.0999999999999996, 0.98999999999999999, 13.369999999999999, 2);
INSERT INTO uthbaldata VALUES (1208, 1978, 1, 28, 4.5999999999999996, 70.5, 6.9000000000000004, 1.6899999999999999, 22.73, 2);
INSERT INTO uthbaldata VALUES (1209, 1978, 2, 31, 7.9000000000000004, 25.5, 16.300000000000001, 1.7, 22.91, 2);
INSERT INTO uthbaldata VALUES (1210, 1978, 3, 30, 10.5, 41.100000000000001, 31.399999999999999, 1.1299999999999999, 15.16, 2);
INSERT INTO uthbaldata VALUES (1211, 1978, 4, 31, 12.800000000000001, 32.399999999999999, 46, 4.1200000000000001, 55.350000000000001, 2);
INSERT INTO uthbaldata VALUES (1212, 1978, 5, 30, 17.800000000000001, 33.5, 87.5, 1.6499999999999999, 22.149999999999999, 2);
INSERT INTO uthbaldata VALUES (1213, 1978, 6, 31, 23, 12.6, 132.09999999999999, 1.99, 26.73, 2);
INSERT INTO uthbaldata VALUES (1214, 1978, 7, 30, 25, 6.2000000000000002, 152.80000000000001, 0.98999999999999999, 13.369999999999999, 2);
INSERT INTO uthbaldata VALUES (1215, 1978, 8, 31, 23.100000000000001, 3.7999999999999998, 125.90000000000001, 0.96999999999999997, 13, 2);
INSERT INTO uthbaldata VALUES (1216, 1978, 9, 31, 18.899999999999999, 245.5, 80.299999999999997, 22.629999999999999, 304.37, 2);
INSERT INTO uthbaldata VALUES (1217, 1978, 10, 30, 14.4, 94.299999999999997, 48.600000000000001, 36.100000000000001, 485.44, 2);
INSERT INTO uthbaldata VALUES (1218, 1978, 11, 31, 7.0999999999999996, 30.199999999999999, 13.9, 14.33, 192.65000000000001, 2);
INSERT INTO uthbaldata VALUES (1219, 1978, 12, 30, 7.7999999999999998, 49.600000000000001, 15.699999999999999, 9.0299999999999994, 121.47, 2);
INSERT INTO uthbaldata VALUES (1220, 1979, 1, 28, 4.0999999999999996, 54.200000000000003, 5.9000000000000004, 10.19, 137.09999999999999, 2);
INSERT INTO uthbaldata VALUES (1221, 1979, 2, 31, 7.7000000000000002, 49.200000000000003, 15.5, 9.5099999999999998, 127.89, 2);
INSERT INTO uthbaldata VALUES (1222, 1979, 3, 30, 11, 27.800000000000001, 33.799999999999997, 5.4199999999999999, 72.920000000000002, 2);
INSERT INTO uthbaldata VALUES (1223, 1979, 4, 31, 11.699999999999999, 27.5, 40.200000000000003, 5.2300000000000004, 70.269999999999996, 2);
INSERT INTO uthbaldata VALUES (1224, 1979, 5, 30, 17.899999999999999, 68.900000000000006, 88.200000000000003, 8.8699999999999992, 119.27, 2);
INSERT INTO uthbaldata VALUES (1225, 1979, 6, 31, 23.100000000000001, 5, 132.90000000000001, 1.5700000000000001, 21.149999999999999, 2);
INSERT INTO uthbaldata VALUES (1226, 1979, 7, 30, 24, 14.1, 143.5, 1.2, 16.170000000000002, 2);
INSERT INTO uthbaldata VALUES (1227, 1979, 8, 31, 24.100000000000001, 21.100000000000001, 134.59999999999999, 1.54, 20.719999999999999, 2);
INSERT INTO uthbaldata VALUES (1228, 1979, 9, 31, 20.300000000000001, 18.899999999999999, 89.900000000000006, 1.78, 23.989999999999998, 2);
INSERT INTO uthbaldata VALUES (1229, 1979, 10, 30, 14.699999999999999, 99.200000000000003, 49.799999999999997, 2.4100000000000001, 32.409999999999997, 2);
INSERT INTO uthbaldata VALUES (1230, 1979, 11, 31, 11.4, 132.80000000000001, 29.300000000000001, 16.030000000000001, 215.52000000000001, 2);
INSERT INTO uthbaldata VALUES (1231, 1979, 12, 30, 7.2000000000000002, 62.200000000000003, 13.6, 34.310000000000002, 461.35000000000002, 2);
INSERT INTO uthbaldata VALUES (1232, 1980, 1, 28, 4, 44.5, 5.5999999999999996, 38.890000000000001, 522.97000000000003, 2);
INSERT INTO uthbaldata VALUES (1233, 1980, 2, 31, 5.7000000000000002, 37.600000000000001, 9.8000000000000007, 22.620000000000001, 304.19999999999999, 2);
INSERT INTO uthbaldata VALUES (1234, 1980, 3, 30, 8.6999999999999993, 60.700000000000003, 23.399999999999999, 27.420000000000002, 368.76999999999998, 2);
INSERT INTO uthbaldata VALUES (1235, 1980, 4, 31, 12.300000000000001, 44.399999999999999, 43.600000000000001, 19.899999999999999, 267.61000000000001, 2);
INSERT INTO uthbaldata VALUES (1236, 1980, 5, 30, 16.100000000000001, 53.600000000000001, 74.5, 11.539999999999999, 155.19, 2);
INSERT INTO uthbaldata VALUES (1237, 1980, 6, 31, 15.9, 21, 73.700000000000003, 7.8799999999999999, 105.91, 2);
INSERT INTO uthbaldata VALUES (1238, 1980, 7, 30, 25, 6, 153.09999999999999, 0.56999999999999995, 7.7199999999999998, 2);
INSERT INTO uthbaldata VALUES (1239, 1980, 8, 31, 24.5, 9.6999999999999993, 138.59999999999999, 0.76000000000000001, 10.19, 2);
INSERT INTO uthbaldata VALUES (1240, 1980, 9, 31, 20.5, 28.199999999999999, 91.5, 5.0599999999999996, 68, 2);
INSERT INTO uthbaldata VALUES (1241, 1980, 10, 30, 16.800000000000001, 127.59999999999999, 61.600000000000001, 7.0499999999999998, 94.859999999999999, 2);
INSERT INTO uthbaldata VALUES (1242, 1980, 11, 31, 12.5, 61.299999999999997, 33.799999999999997, 6.5199999999999996, 87.709999999999994, 2);
INSERT INTO uthbaldata VALUES (1243, 1980, 12, 30, 6, 51.700000000000003, 10.300000000000001, 6.7300000000000004, 90.540000000000006, 2);
INSERT INTO uthbaldata VALUES (1244, 1981, 1, 28, 1.8999999999999999, 126, 1.7, 28.140000000000001, 378.43000000000001, 2);
INSERT INTO uthbaldata VALUES (1245, 1981, 2, 31, 5.7999999999999998, 31.600000000000001, 10, 53.57, 720.42999999999995, 2);
INSERT INTO uthbaldata VALUES (1246, 1981, 3, 30, 11.6, 41, 36.600000000000001, 36.740000000000002, 494.10000000000002, 2);
INSERT INTO uthbaldata VALUES (1247, 1981, 4, 31, 12.800000000000001, 16.5, 46.200000000000003, 7.2400000000000002, 97.340000000000003, 2);
INSERT INTO uthbaldata VALUES (1248, 1981, 5, 30, 15.9, 23.600000000000001, 73.099999999999994, 10.880000000000001, 146.28999999999999, 2);
INSERT INTO uthbaldata VALUES (1249, 1981, 6, 31, 23.399999999999999, 21.899999999999999, 135.90000000000001, 2.77, 37.240000000000002, 2);
INSERT INTO uthbaldata VALUES (1250, 1981, 7, 30, 23.800000000000001, 17.600000000000001, 142, 2.27, 30.460000000000001, 2);
INSERT INTO uthbaldata VALUES (1251, 1981, 8, 31, 23.100000000000001, 17.399999999999999, 126.40000000000001, 1.79, 24.050000000000001, 2);
INSERT INTO uthbaldata VALUES (1252, 1981, 9, 31, 21.300000000000001, 10.6, 97.299999999999997, 6.0199999999999996, 81.019999999999996, 2);
INSERT INTO uthbaldata VALUES (1253, 1981, 10, 30, 18.199999999999999, 64.099999999999994, 70.200000000000003, 3.4900000000000002, 47, 2);
INSERT INTO uthbaldata VALUES (1254, 1981, 11, 31, 8.8000000000000007, 51, 19.5, 3.9500000000000002, 53.18, 2);
INSERT INTO uthbaldata VALUES (1255, 1981, 12, 30, 7.2000000000000002, 78.700000000000003, 13.800000000000001, 5.1699999999999999, 69.469999999999999, 2);
INSERT INTO uthbaldata VALUES (1256, 1982, 1, 28, 0.29999999999999999, 17.699999999999999, 0.10000000000000001, 5.6299999999999999, 75.650000000000006, 2);
INSERT INTO uthbaldata VALUES (1257, 1982, 2, 31, 3.7999999999999998, 96.900000000000006, 5.0999999999999996, 15.07, 202.63, 2);
INSERT INTO uthbaldata VALUES (1258, 1982, 3, 30, 8, 50, 20.399999999999999, 17.510000000000002, 235.41999999999999, 2);
INSERT INTO uthbaldata VALUES (1259, 1982, 4, 31, 11.800000000000001, 69.099999999999994, 40.799999999999997, 18.780000000000001, 252.59999999999999, 2);
INSERT INTO uthbaldata VALUES (1260, 1982, 5, 30, 16.600000000000001, 114.8, 78.400000000000006, 16.949999999999999, 228, 2);
INSERT INTO uthbaldata VALUES (1261, 1982, 6, 31, 22.100000000000001, 16.800000000000001, 124, 20.120000000000001, 270.56, 2);
INSERT INTO uthbaldata VALUES (1262, 1982, 7, 30, 23.600000000000001, 18, 139.80000000000001, 1.1399999999999999, 15.390000000000001, 2);
INSERT INTO uthbaldata VALUES (1263, 1982, 8, 31, 24.5, 26.699999999999999, 138.19999999999999, 2.4500000000000002, 32.939999999999998, 2);
INSERT INTO uthbaldata VALUES (1264, 1982, 9, 31, 21.699999999999999, 12.199999999999999, 100.09999999999999, 8.6300000000000008, 116.09, 2);
INSERT INTO uthbaldata VALUES (1265, 1982, 10, 30, 16.199999999999999, 73.299999999999997, 58.200000000000003, 7.96, 107.03, 2);
INSERT INTO uthbaldata VALUES (1266, 1982, 11, 31, 8, 81.700000000000003, 16.800000000000001, 11.09, 149.13999999999999, 2);
INSERT INTO uthbaldata VALUES (1267, 1982, 12, 30, 7.4000000000000004, 56.200000000000003, 14.300000000000001, 9.6699999999999999, 130.00999999999999, 2);
INSERT INTO uthbaldata VALUES (1268, 1983, 1, 28, 4.4000000000000004, 24.899999999999999, 6.5, 6.9900000000000002, 94.060000000000002, 2);
INSERT INTO uthbaldata VALUES (1269, 1983, 2, 31, 4.4000000000000004, 38.5, 6.5999999999999996, 4.71, 63.399999999999999, 2);
INSERT INTO uthbaldata VALUES (1270, 1983, 3, 30, 9.4000000000000004, 36.200000000000003, 26.399999999999999, 8.1899999999999995, 110.12, 2);
INSERT INTO uthbaldata VALUES (1271, 1983, 4, 31, 15.5, 21, 62.600000000000001, 4.3600000000000003, 58.68, 2);
INSERT INTO uthbaldata VALUES (1272, 1983, 5, 30, 19.699999999999999, 20.899999999999999, 103.09999999999999, 6.71, 90.260000000000005, 2);
INSERT INTO uthbaldata VALUES (1273, 1983, 6, 31, 21.100000000000001, 43.299999999999997, 115.3, 5.6399999999999997, 75.799999999999997, 2);
INSERT INTO uthbaldata VALUES (1274, 1983, 7, 30, 25.600000000000001, 80.5, 158.69999999999999, 3.7200000000000002, 50.020000000000003, 2);
INSERT INTO uthbaldata VALUES (1275, 1983, 8, 31, 23.699999999999999, 10.699999999999999, 131.09999999999999, 1.5800000000000001, 21.239999999999998, 2);
INSERT INTO uthbaldata VALUES (1276, 1983, 9, 31, 20.100000000000001, 9.9000000000000004, 88.799999999999997, 6.8899999999999997, 92.599999999999994, 2);
INSERT INTO uthbaldata VALUES (1277, 1983, 10, 30, 14.699999999999999, 30.800000000000001, 50.200000000000003, 2.7200000000000002, 36.619999999999997, 2);
INSERT INTO uthbaldata VALUES (1278, 1983, 11, 31, 9.0999999999999996, 44.600000000000001, 20.300000000000001, 1.8899999999999999, 25.460000000000001, 2);
INSERT INTO uthbaldata VALUES (1279, 1983, 12, 30, 5.2999999999999998, 144.80000000000001, 8.5, 21.289999999999999, 286.32999999999998, 2);
INSERT INTO uthbaldata VALUES (1280, 1984, 1, 28, 5.2000000000000002, 25, 8.5, 6.96, 93.569999999999993, 2);
INSERT INTO uthbaldata VALUES (1281, 1984, 2, 31, 0.90000000000000002, 36.600000000000001, 0.5, 11.59, 155.91999999999999, 2);
INSERT INTO uthbaldata VALUES (1282, 1984, 3, 30, 7.7000000000000002, 51.799999999999997, 19.399999999999999, 13.880000000000001, 186.63, 2);
INSERT INTO uthbaldata VALUES (1283, 1984, 4, 31, 10.1, 63, 31.600000000000001, 11.67, 156.96000000000001, 2);
INSERT INTO uthbaldata VALUES (1284, 1984, 5, 30, 17.100000000000001, 21.100000000000001, 82.400000000000006, 3.98, 53.590000000000003, 2);
INSERT INTO uthbaldata VALUES (1285, 1984, 6, 31, 20.800000000000001, 17.399999999999999, 112.8, 2.1499999999999999, 28.850000000000001, 2);
INSERT INTO uthbaldata VALUES (1286, 1984, 7, 30, 22.100000000000001, 7.5999999999999996, 125.90000000000001, 1.46, 19.579999999999998, 2);
INSERT INTO uthbaldata VALUES (1287, 1984, 8, 31, 21.399999999999999, 34.299999999999997, 111.7, 1.01, 13.619999999999999, 2);
INSERT INTO uthbaldata VALUES (1288, 1984, 9, 31, 19.600000000000001, 7.2000000000000002, 85.099999999999994, 2.98, 40.090000000000003, 2);
INSERT INTO uthbaldata VALUES (1289, 1984, 10, 30, 16.899999999999999, 37.100000000000001, 62, 2.0099999999999998, 27.02, 2);
INSERT INTO uthbaldata VALUES (1290, 1984, 11, 31, 8.5999999999999996, 59.200000000000003, 18.600000000000001, 1.78, 23.98, 2);
INSERT INTO uthbaldata VALUES (1291, 1984, 12, 30, 4.2000000000000002, 54.700000000000003, 5.9000000000000004, 7.8899999999999997, 106.15000000000001, 2);
INSERT INTO uthbaldata VALUES (1292, 1985, 1, 28, 4.2999999999999998, 50.899999999999999, 6.2000000000000002, 6.9299999999999997, 93.170000000000002, 2);
INSERT INTO uthbaldata VALUES (1293, 1985, 2, 31, 2.1000000000000001, 16, 2, 5.1699999999999999, 69.590000000000003, 2);
INSERT INTO uthbaldata VALUES (1294, 1985, 3, 30, 7.4000000000000004, 50.100000000000001, 18.100000000000001, NULL, NULL, 2);
INSERT INTO uthbaldata VALUES (1295, 1985, 4, 31, 13.699999999999999, 22.699999999999999, 51.600000000000001, 7.9800000000000004, 107.25, 2);
INSERT INTO uthbaldata VALUES (1296, 1985, 5, 30, 19.300000000000001, 18, 99.5, 0.63, 8.4700000000000006, 2);
INSERT INTO uthbaldata VALUES (1297, 1985, 6, 31, 21.899999999999999, 14.300000000000001, 122.7, 4.8399999999999999, 65.090000000000003, 2);
INSERT INTO uthbaldata VALUES (1298, 1985, 7, 30, 23.100000000000001, 8.1999999999999993, 135.40000000000001, 0.56000000000000005, 7.5800000000000001, 2);
INSERT INTO uthbaldata VALUES (1299, 1985, 8, 31, 23.699999999999999, 5.7999999999999998, 131, 0.81000000000000005, 10.83, 2);
INSERT INTO uthbaldata VALUES (1300, 1985, 9, 31, 18.899999999999999, 8.9000000000000004, 80.5, 1.04, 14.039999999999999, 2);
INSERT INTO uthbaldata VALUES (1301, 1985, 10, 30, 12, 51.299999999999997, 36.100000000000001, 3.04, 40.899999999999999, 2);
INSERT INTO uthbaldata VALUES (1302, 1985, 11, 31, 10, 121.7, 23.699999999999999, 7.79, 104.70999999999999, 2);
INSERT INTO uthbaldata VALUES (1303, 1985, 12, 30, 6.2999999999999998, 29.899999999999999, 11.1, 5.8200000000000003, 78.280000000000001, 2);
INSERT INTO uthbaldata VALUES (1304, 1986, 1, 28, 5.0999999999999996, 30.100000000000001, 8.3000000000000007, 2.8500000000000001, 38.340000000000003, 2);
INSERT INTO uthbaldata VALUES (1305, 1986, 2, 31, 6.0999999999999996, 66.200000000000003, 10.699999999999999, 3.7200000000000002, 50.060000000000002, 2);
INSERT INTO uthbaldata VALUES (1306, 1986, 3, 30, 7.5999999999999996, 36.5, 18.699999999999999, 4.5599999999999996, 61.310000000000002, 2);
INSERT INTO uthbaldata VALUES (1307, 1986, 4, 31, 13.199999999999999, 17.199999999999999, 48.700000000000003, 3.2599999999999998, 43.869999999999997, 2);
INSERT INTO uthbaldata VALUES (1308, 1986, 5, 30, 16.199999999999999, 36, 75.5, 3.2799999999999998, 44.119999999999997, 2);
INSERT INTO uthbaldata VALUES (1309, 1986, 6, 31, 21.399999999999999, 37.899999999999999, 117.7, 10.109999999999999, 136, 2);
INSERT INTO uthbaldata VALUES (1310, 1986, 7, 30, 22.600000000000001, 13.199999999999999, 130.40000000000001, 0.67000000000000004, 8.9600000000000009, 2);
INSERT INTO uthbaldata VALUES (1311, 1986, 8, 31, 23.600000000000001, 11.699999999999999, 130.19999999999999, 0.73999999999999999, 9.9100000000000001, 2);
INSERT INTO uthbaldata VALUES (1312, 1986, 9, 31, 19.100000000000001, 11.199999999999999, 82.200000000000003, 3.6800000000000002, 49.549999999999997, 2);
INSERT INTO uthbaldata VALUES (1313, 1986, 10, 30, 13.5, 108.5, 43.5, 5.0599999999999996, 68.069999999999993, 2);
INSERT INTO uthbaldata VALUES (1314, 1986, 11, 31, 7.0999999999999996, 50.5, 13.6, 9.0199999999999996, 121.26000000000001, 2);
INSERT INTO uthbaldata VALUES (1315, 1986, 12, 30, 1.1000000000000001, 35.299999999999997, 0.69999999999999996, 1.98, 26.600000000000001, 2);
INSERT INTO uthbaldata VALUES (1316, 1987, 1, 28, 5.2000000000000002, 39.799999999999997, 8.5, 3.0099999999999998, 40.43, 2);
INSERT INTO uthbaldata VALUES (1317, 1987, 2, 31, 5.7999999999999998, 47.100000000000001, 10.1, 3.73, 50.130000000000003, 2);
INSERT INTO uthbaldata VALUES (1318, 1987, 3, 30, 3.1000000000000001, 92.599999999999994, 4.5, 42.659999999999997, 573.70000000000005, 2);
INSERT INTO uthbaldata VALUES (1319, 1987, 4, 31, 11.9, 60.299999999999997, 41.200000000000003, 50.340000000000003, 677.00999999999999, 2);
INSERT INTO uthbaldata VALUES (1320, 1987, 5, 30, 15.5, 30.899999999999999, 70, 7.9199999999999999, 106.54000000000001, 2);
INSERT INTO uthbaldata VALUES (1321, 1987, 6, 31, 21.199999999999999, 10.699999999999999, 116.40000000000001, 2.0499999999999998, 27.530000000000001, 2);
INSERT INTO uthbaldata VALUES (1322, 1987, 7, 30, 24.399999999999999, 7.5, 147.19999999999999, 0.73999999999999999, 10.01, 2);
INSERT INTO uthbaldata VALUES (1323, 1987, 8, 31, 22.800000000000001, 14.9, 123.5, 0.72999999999999998, 9.8000000000000007, 2);
INSERT INTO uthbaldata VALUES (1324, 1987, 9, 31, 21.199999999999999, 8.1999999999999993, 96.400000000000006, 1.23, 16.559999999999999, 2);
INSERT INTO uthbaldata VALUES (1325, 1987, 10, 30, 12.699999999999999, 74.900000000000006, 39.899999999999999, 5.8899999999999997, 79.219999999999999, 2);
INSERT INTO uthbaldata VALUES (1326, 1987, 11, 31, 7.7999999999999998, 76.200000000000003, 16, 3.52, 47.390000000000001, 2);
INSERT INTO uthbaldata VALUES (1327, 1987, 12, 30, 4.9000000000000004, 43.700000000000003, 7.5, 5.0800000000000001, 68.299999999999997, 2);
INSERT INTO uthbaldata VALUES (1328, 1988, 1, 28, 5.4000000000000004, 34.799999999999997, 8.9000000000000004, 3.8100000000000001, 51.289999999999999, 2);
INSERT INTO uthbaldata VALUES (1329, 1988, 2, 31, 4.7000000000000002, 34, 7.2000000000000002, 4.0300000000000002, 54.18, 2);
INSERT INTO uthbaldata VALUES (1330, 1988, 3, 30, 7.2999999999999998, 38.899999999999999, 17.699999999999999, 4.8399999999999999, 65.090000000000003, 2);
INSERT INTO uthbaldata VALUES (1331, 1988, 4, 31, 11.6, 21.899999999999999, 39.700000000000003, 3.8599999999999999, 51.869999999999997, 2);
INSERT INTO uthbaldata VALUES (1332, 1988, 5, 30, 17.300000000000001, 18.100000000000001, 83.5, 0.88, 11.859999999999999, 2);
INSERT INTO uthbaldata VALUES (1333, 1988, 6, 31, 22.300000000000001, 10.800000000000001, 126.2, 0.98999999999999999, 13.300000000000001, 2);
INSERT INTO uthbaldata VALUES (1334, 1988, 7, 30, 25.699999999999999, 3.5, 160, 0.82999999999999996, 11.140000000000001, 2);
INSERT INTO uthbaldata VALUES (1335, 1988, 8, 31, 23.699999999999999, 5.9000000000000004, 131.80000000000001, NULL, NULL, 2);
INSERT INTO uthbaldata VALUES (1336, 1988, 9, 31, 19.699999999999999, 9.4000000000000004, 86.299999999999997, NULL, NULL, 2);
INSERT INTO uthbaldata VALUES (1337, 1988, 10, 30, 13.800000000000001, 44.5, 45, 0.87, 11.75, 2);
INSERT INTO uthbaldata VALUES (1338, 1988, 11, 31, 5.2999999999999998, 97, 8.6999999999999993, 1.05, 14.16, 2);
INSERT INTO uthbaldata VALUES (1339, 1988, 12, 30, 2.1000000000000001, 78.099999999999994, 1.8999999999999999, 1.02, 13.75, 2);
INSERT INTO uthbaldata VALUES (1340, 1989, 1, 28, 1.8, 16.5, 1.5, 34.659999999999997, 466.13999999999999, 2);
INSERT INTO uthbaldata VALUES (1341, 1989, 2, 31, 6.2999999999999998, 14.300000000000001, 11.4, 0.76000000000000001, 10.24, 2);
INSERT INTO uthbaldata VALUES (1342, 1989, 3, 30, 9.6999999999999993, 54.100000000000001, 27.899999999999999, 0.89000000000000001, 11.94, 2);
INSERT INTO uthbaldata VALUES (1343, 1989, 4, 31, 14.800000000000001, 19.5, 58.200000000000003, 0.80000000000000004, 10.710000000000001, 2);
INSERT INTO uthbaldata VALUES (1344, 1989, 5, 30, 16.5, 33.600000000000001, 77.599999999999994, 1.1200000000000001, 15.02, 2);
INSERT INTO uthbaldata VALUES (1345, 1989, 6, 31, 21.800000000000001, 18.899999999999999, 121.90000000000001, NULL, NULL, 2);
INSERT INTO uthbaldata VALUES (1346, 1989, 7, 30, 24, 39, 144.09999999999999, NULL, NULL, 2);
INSERT INTO uthbaldata VALUES (1347, 1989, 8, 31, 24.899999999999999, 15.4, 141.80000000000001, NULL, NULL, 2);
INSERT INTO uthbaldata VALUES (1348, 1989, 9, 31, 20.199999999999999, 8.5999999999999996, 89.299999999999997, NULL, NULL, 2);
INSERT INTO uthbaldata VALUES (1349, 1989, 10, 30, 13.5, 41.899999999999999, 43.799999999999997, NULL, NULL, 2);
INSERT INTO uthbaldata VALUES (1350, 1989, 11, 31, 8.9000000000000004, 45.899999999999999, 19.800000000000001, NULL, NULL, 2);
INSERT INTO uthbaldata VALUES (1351, 1989, 12, 30, 3.6000000000000001, 81.299999999999997, 4.5999999999999996, NULL, NULL, 2);
INSERT INTO uthbaldata VALUES (1352, 1990, 1, 28, 2.2000000000000002, 15.699999999999999, 2.2000000000000002, NULL, NULL, 2);
INSERT INTO uthbaldata VALUES (1353, 1990, 2, 31, 6.7999999999999998, 15.199999999999999, 13, NULL, NULL, 2);
INSERT INTO uthbaldata VALUES (1354, 1990, 3, 30, 10.4, 26.100000000000001, 31, NULL, NULL, 2);
INSERT INTO uthbaldata VALUES (1355, 1990, 4, 31, 13.9, 21.5, 52.700000000000003, NULL, NULL, 2);
INSERT INTO uthbaldata VALUES (1356, 1990, 5, 30, 18.100000000000001, 40.600000000000001, 89.599999999999994, NULL, NULL, 2);
INSERT INTO uthbaldata VALUES (1357, 1990, 6, 31, 22.800000000000001, 13.699999999999999, 130.19999999999999, NULL, NULL, 2);
INSERT INTO uthbaldata VALUES (1358, 1990, 7, 30, 24.899999999999999, 45.200000000000003, 152.69999999999999, NULL, NULL, 2);
INSERT INTO uthbaldata VALUES (1359, 1990, 8, 31, 23.399999999999999, 41.600000000000001, 128.59999999999999, NULL, NULL, 2);
INSERT INTO uthbaldata VALUES (1360, 1990, 9, 31, 20.399999999999999, 19, 90.799999999999997, NULL, NULL, 2);
INSERT INTO uthbaldata VALUES (1361, 1990, 10, 30, 16.600000000000001, 41.200000000000003, 60.299999999999997, NULL, NULL, 2);
INSERT INTO uthbaldata VALUES (1362, 1990, 11, 31, 13.800000000000001, 67.099999999999994, 39.399999999999999, NULL, NULL, 2);
INSERT INTO uthbaldata VALUES (1363, 1990, 12, 30, 7.9000000000000004, 87.799999999999997, 15.800000000000001, NULL, NULL, 2);
INSERT INTO uthbaldata VALUES (1364, 1991, 1, 28, 4.7999999999999998, 41.200000000000003, 7.5, NULL, NULL, 2);
INSERT INTO uthbaldata VALUES (1365, 1991, 2, 31, 6.5, 30.300000000000001, 11.9, NULL, NULL, 2);
INSERT INTO uthbaldata VALUES (1366, 1991, 3, 30, 11.800000000000001, 52.100000000000001, 38, NULL, NULL, 2);
INSERT INTO uthbaldata VALUES (1367, 1991, 4, 31, 12.4, 68.5, 43.899999999999999, NULL, NULL, 2);
INSERT INTO uthbaldata VALUES (1368, 1991, 5, 30, 18.100000000000001, 61.100000000000001, 89.599999999999994, 1.77, 23.800000000000001, 2);
INSERT INTO uthbaldata VALUES (1369, 1991, 6, 31, 25.5, 14.1, 155.90000000000001, 0.96999999999999997, 13.050000000000001, 2);
INSERT INTO uthbaldata VALUES (1370, 1991, 7, 30, 25.100000000000001, 44.600000000000001, 154.5, NULL, NULL, 2);
INSERT INTO uthbaldata VALUES (1371, 1991, 8, 31, 25.399999999999999, 28.699999999999999, 146.59999999999999, NULL, NULL, 2);
INSERT INTO uthbaldata VALUES (1372, 1991, 9, 31, 21.600000000000001, 47, 99.5, 3.6499999999999999, 49.149999999999999, 2);
INSERT INTO uthbaldata VALUES (1373, 1991, 10, 30, 18.300000000000001, 34.299999999999997, 70.799999999999997, 1.8799999999999999, 25.34, 2);
INSERT INTO uthbaldata VALUES (1374, 1991, 11, 31, 11.699999999999999, 61.399999999999999, 30.5, 2.6899999999999999, 36.149999999999999, 2);
INSERT INTO uthbaldata VALUES (1375, 1991, 12, 30, 4, 28.300000000000001, 5.4000000000000004, 2.9199999999999999, 39.289999999999999, 2);
INSERT INTO uthbaldata VALUES (1376, 1992, 1, 28, 4.9000000000000004, 19.600000000000001, 7.7000000000000002, 1.1100000000000001, 14.859999999999999, 2);
INSERT INTO uthbaldata VALUES (1377, 1992, 2, 31, 5.7999999999999998, 21.5, 9.9000000000000004, 0.68999999999999995, 9.3300000000000001, 2);
INSERT INTO uthbaldata VALUES (1378, 1992, 3, 30, 10.300000000000001, 29.899999999999999, 30.300000000000001, 0.87, 11.710000000000001, 2);
INSERT INTO uthbaldata VALUES (1379, 1992, 4, 31, 15.4, 42.899999999999999, 61.600000000000001, 1.01, 13.6, 2);
INSERT INTO uthbaldata VALUES (1380, 1992, 5, 30, 18.699999999999999, 45.399999999999999, 94.200000000000003, 1, 13.48, 2);
INSERT INTO uthbaldata VALUES (1381, 1992, 6, 31, 25.100000000000001, 50.200000000000003, 152.09999999999999, 0.73999999999999999, 9.8900000000000006, 2);
INSERT INTO uthbaldata VALUES (1382, 1992, 7, 30, 25.699999999999999, 25.800000000000001, 160.09999999999999, NULL, NULL, 2);
INSERT INTO uthbaldata VALUES (1383, 1992, 8, 31, 27.100000000000001, 4.0999999999999996, 162, NULL, NULL, 2);
INSERT INTO uthbaldata VALUES (1384, 1992, 9, 31, 21.699999999999999, 3.2999999999999998, 100.09999999999999, NULL, NULL, 2);
INSERT INTO uthbaldata VALUES (1385, 1992, 10, 30, 19.800000000000001, 48, 80.299999999999997, NULL, NULL, 2);
INSERT INTO uthbaldata VALUES (1386, 1992, 11, 31, 12.300000000000001, 48.700000000000003, 33, NULL, NULL, 2);
INSERT INTO uthbaldata VALUES (1387, 1992, 12, 30, 6.5, 50.799999999999997, 11.5, NULL, NULL, 2);
INSERT INTO uthbaldata VALUES (1388, 1993, 1, 28, 5.7999999999999998, 27.300000000000001, 10, NULL, NULL, 2);
INSERT INTO uthbaldata VALUES (1389, 1993, 2, 31, 5.2000000000000002, 37.100000000000001, 8.3000000000000007, 0.97999999999999998, 13.24, 2);
INSERT INTO uthbaldata VALUES (1390, 1993, 3, 30, 11.300000000000001, 34.5, 35.200000000000003, 1.01, 13.619999999999999, 2);
INSERT INTO uthbaldata VALUES (1391, 1993, 4, 31, 15.4, 20.899999999999999, 62.100000000000001, 0.94999999999999996, 12.81, 2);
INSERT INTO uthbaldata VALUES (1392, 1993, 5, 30, 18.199999999999999, 59.600000000000001, 90.700000000000003, 1.27, 17.140000000000001, 2);
INSERT INTO uthbaldata VALUES (1393, 1993, 6, 31, 25.699999999999999, 4.5999999999999996, 158, NULL, NULL, 2);
INSERT INTO uthbaldata VALUES (1394, 1993, 7, 30, 27.300000000000001, 3.3999999999999999, 176.40000000000001, NULL, NULL, 2);
INSERT INTO uthbaldata VALUES (1395, 1993, 8, 31, 27, 12, 161.90000000000001, NULL, NULL, 2);
INSERT INTO uthbaldata VALUES (1396, 1993, 9, 31, 23, 6.5, 110, NULL, NULL, 2);
INSERT INTO uthbaldata VALUES (1397, 1993, 10, 30, 20.5, 20.199999999999999, 84.700000000000003, NULL, NULL, 2);
INSERT INTO uthbaldata VALUES (1398, 1993, 11, 31, 11, 114.09999999999999, 27.5, NULL, NULL, 2);
INSERT INTO uthbaldata VALUES (1399, 1993, 12, 30, 6.0999999999999996, 36.100000000000001, 10.6, NULL, NULL, 2);
INSERT INTO uthbaldata VALUES (1400, 1994, 1, 28, 5.2999999999999998, 72.700000000000003, 8.8000000000000007, NULL, NULL, 2);
INSERT INTO uthbaldata VALUES (1401, 1994, 2, 31, 4.9000000000000004, 44, 7.5999999999999996, 3.6699999999999999, 49.299999999999997, 2);
INSERT INTO uthbaldata VALUES (1402, 1994, 3, 30, 9.1999999999999993, 32.5, 25.699999999999999, 1.1799999999999999, 15.869999999999999, 2);
INSERT INTO uthbaldata VALUES (1403, 1994, 4, 31, 14.300000000000001, 43.100000000000001, 55.100000000000001, 0.83999999999999997, 11.34, 2);
INSERT INTO uthbaldata VALUES (1404, 1994, 5, 30, 17.100000000000001, 42.899999999999999, 82.200000000000003, NULL, NULL, 2);
INSERT INTO uthbaldata VALUES (1405, 1994, 6, 31, 20.800000000000001, 3.5, 112.40000000000001, NULL, NULL, 2);
INSERT INTO uthbaldata VALUES (1406, 1994, 7, 30, 22, 30.100000000000001, 125.3, NULL, NULL, 2);
INSERT INTO uthbaldata VALUES (1407, 1994, 8, 31, 22.800000000000001, 12.5, 123.8, NULL, NULL, 2);
INSERT INTO uthbaldata VALUES (1408, 1994, 9, 31, 20.899999999999999, 4.2999999999999998, 94.700000000000003, NULL, NULL, 2);
INSERT INTO uthbaldata VALUES (1409, 1994, 10, 30, 17.399999999999999, 137.40000000000001, 65.200000000000003, 4.0599999999999996, 54.619999999999997, 2);
INSERT INTO uthbaldata VALUES (1410, 1994, 11, 31, 10.800000000000001, 65.599999999999994, 26.899999999999999, 2, 26.949999999999999, 2);
INSERT INTO uthbaldata VALUES (1411, 1994, 12, 30, 6.7999999999999998, 52.200000000000003, 12.6, 0.66000000000000003, 8.8800000000000008, 2);
INSERT INTO uthbaldata VALUES (1412, 1995, 1, 28, 7.7000000000000002, 61.399999999999999, 15.800000000000001, 0.66000000000000003, 8.8800000000000008, 2);
INSERT INTO uthbaldata VALUES (1413, 1995, 2, 31, 10.4, 14.1, 25.300000000000001, NULL, NULL, 2);
INSERT INTO uthbaldata VALUES (1414, 1995, 3, 30, 11.5, 65.599999999999994, 36.399999999999999, 0.55000000000000004, 7.4000000000000004, 2);
INSERT INTO uthbaldata VALUES (1415, 1995, 4, 31, 14.800000000000001, 22.699999999999999, 57.899999999999999, 1.1100000000000001, 14.9, 2);
INSERT INTO uthbaldata VALUES (1416, 1995, 5, 30, 20.699999999999999, 19, 111.3, NULL, NULL, 2);
INSERT INTO uthbaldata VALUES (1417, 1995, 6, 31, 26.800000000000001, 31.899999999999999, 168.69999999999999, NULL, NULL, 2);
INSERT INTO uthbaldata VALUES (1418, 1995, 7, 30, 26.600000000000001, 37.700000000000003, 169.5, NULL, NULL, 2);
INSERT INTO uthbaldata VALUES (1419, 1995, 8, 31, 25.5, 13.1, 147.90000000000001, NULL, NULL, 2);
INSERT INTO uthbaldata VALUES (1420, 1995, 9, 31, 22.300000000000001, 26.800000000000001, 105, NULL, NULL, 2);
INSERT INTO uthbaldata VALUES (1421, 1995, 10, 30, 15.5, 31.300000000000001, 54.100000000000001, NULL, NULL, 2);
INSERT INTO uthbaldata VALUES (1422, 1995, 11, 31, 9.5999999999999996, 38.299999999999997, 22.199999999999999, NULL, NULL, 2);
INSERT INTO uthbaldata VALUES (1423, 1995, 12, 30, 10.699999999999999, 95.700000000000003, 25.699999999999999, 3.0600000000000001, 41.130000000000003, 2);
INSERT INTO uthbaldata VALUES (1424, 1996, 1, 28, 6.7999999999999998, 59, 13, 1.3600000000000001, 18.260000000000002, 2);
INSERT INTO uthbaldata VALUES (1425, 1996, 2, 31, 7.9000000000000004, 67.299999999999997, 16.399999999999999, 1.6899999999999999, 22.739999999999998, 2);
INSERT INTO uthbaldata VALUES (1426, 1996, 3, 30, 7.9000000000000004, 52.700000000000003, 20.199999999999999, 4.9500000000000002, 66.540000000000006, 2);
INSERT INTO uthbaldata VALUES (1427, 1996, 4, 31, 13.9, 23.100000000000001, 52.399999999999999, 5.3200000000000003, 71.510000000000005, 2);
INSERT INTO uthbaldata VALUES (1428, 1996, 5, 30, 19.5, 33.899999999999999, 100.90000000000001, 1.6000000000000001, 21.5, 2);
INSERT INTO uthbaldata VALUES (1429, 1996, 6, 31, 25.899999999999999, 3.5, 159.80000000000001, 1.3400000000000001, 18.07, 2);
INSERT INTO uthbaldata VALUES (1430, 1996, 7, 30, 26.800000000000001, 13.6, 170.69999999999999, NULL, NULL, 2);
INSERT INTO uthbaldata VALUES (1431, 1996, 8, 31, 26.600000000000001, 17.5, 157.90000000000001, NULL, NULL, 2);
INSERT INTO uthbaldata VALUES (1432, 1996, 9, 31, 21.699999999999999, 47.899999999999999, 100.3, NULL, NULL, 2);
INSERT INTO uthbaldata VALUES (1433, 1996, 10, 30, 15.4, 77.599999999999994, 53.799999999999997, NULL, NULL, 2);
INSERT INTO uthbaldata VALUES (1434, 1996, 11, 31, 12.6, 35.100000000000001, 34.100000000000001, NULL, NULL, 2);
INSERT INTO uthbaldata VALUES (1435, 1996, 12, 30, 8.5999999999999996, 64.700000000000003, 18, NULL, NULL, 2);
INSERT INTO uthbaldata VALUES (1436, 1997, 1, 28, 7.4000000000000004, 45.700000000000003, 14.9, 8.2799999999999994, 111.38, 2);
INSERT INTO uthbaldata VALUES (1437, 1997, 2, 31, 8.5999999999999996, 23.800000000000001, 18.800000000000001, 0.78000000000000003, 10.539999999999999, 2);
INSERT INTO uthbaldata VALUES (1438, 1997, 3, 30, 10.300000000000001, 38.600000000000001, 30.600000000000001, 8.3599999999999994, 112.48999999999999, 2);
INSERT INTO uthbaldata VALUES (1439, 1997, 4, 31, 11.9, 43.5, 41.200000000000003, 5.9699999999999998, 80.349999999999994, 2);
INSERT INTO uthbaldata VALUES (1440, 1997, 5, 30, 21.100000000000001, 31.699999999999999, 114.59999999999999, NULL, NULL, 2);
INSERT INTO uthbaldata VALUES (1441, 1997, 6, 31, 25.100000000000001, 20.899999999999999, 151.40000000000001, 1.24, 16.690000000000001, 2);
INSERT INTO uthbaldata VALUES (1442, 1997, 7, 30, 26.899999999999999, 7.5, 171.69999999999999, NULL, NULL, 2);
INSERT INTO uthbaldata VALUES (1443, 1997, 8, 31, 24.5, 32.399999999999999, 138.5, NULL, NULL, 2);
INSERT INTO uthbaldata VALUES (1444, 1997, 9, 31, 19.899999999999999, 6.5999999999999996, 87.599999999999994, NULL, NULL, 2);
INSERT INTO uthbaldata VALUES (1445, 1997, 10, 30, 14.9, 70.599999999999994, 50.899999999999999, NULL, NULL, 2);
INSERT INTO uthbaldata VALUES (1446, 1997, 11, 31, 10.9, 33.5, 27.199999999999999, NULL, NULL, 2);
INSERT INTO uthbaldata VALUES (1447, 1997, 12, 30, 6.4000000000000004, 83.599999999999994, 11.4, NULL, NULL, 2);
INSERT INTO uthbaldata VALUES (1448, 1998, 1, 28, 5.4000000000000004, 27.5, 9, NULL, NULL, 2);
INSERT INTO uthbaldata VALUES (1449, 1998, 2, 31, 9.1999999999999993, 64.200000000000003, 20.699999999999999, NULL, NULL, 2);
INSERT INTO uthbaldata VALUES (1450, 1998, 3, 30, 9.0999999999999996, 54.5, 25, NULL, NULL, 2);
INSERT INTO uthbaldata VALUES (1451, 1998, 4, 31, 16.600000000000001, 15.1, 69.400000000000006, NULL, NULL, 2);
INSERT INTO uthbaldata VALUES (1452, 1998, 5, 30, 19.899999999999999, 94, 104.2, 4.5099999999999998, 60.609999999999999, 2);
INSERT INTO uthbaldata VALUES (1453, 1998, 6, 31, 26.199999999999999, 8, 162.19999999999999, NULL, NULL, 2);
INSERT INTO uthbaldata VALUES (1454, 1998, 7, 30, 28.300000000000001, 3.5, 186, NULL, NULL, 2);
INSERT INTO uthbaldata VALUES (1455, 1998, 8, 31, 28.199999999999999, 6.5999999999999996, 172.59999999999999, NULL, NULL, 2);
INSERT INTO uthbaldata VALUES (1456, 1998, 9, 31, 22.5, 27.399999999999999, 106.3, NULL, NULL, 2);
INSERT INTO uthbaldata VALUES (1457, 1998, 10, 30, 18.399999999999999, 30, 71.299999999999997, NULL, NULL, 2);
INSERT INTO uthbaldata VALUES (1458, 1998, 11, 31, 12.4, 135.69999999999999, 33.5, NULL, NULL, 2);
INSERT INTO uthbaldata VALUES (1459, 1998, 12, 30, 6.4000000000000004, 68.900000000000006, 11.5, 3.6299999999999999, 48.770000000000003, 2);
INSERT INTO uthbaldata VALUES (1460, 1999, 1, 28, 7.5, 51, 15.1, 2.4300000000000002, 32.689999999999998, 2);
INSERT INTO uthbaldata VALUES (1461, 1999, 2, 31, 5.4000000000000004, 53.5, 8.9000000000000004, 4.8799999999999999, 65.609999999999999, 2);
INSERT INTO uthbaldata VALUES (1462, 1999, 3, 30, 9.4000000000000004, 65.900000000000006, 26.5, 9.0899999999999999, 122.25, 2);
INSERT INTO uthbaldata VALUES (1463, 1999, 4, 31, 14.5, 28.300000000000001, 56.5, 6.7199999999999998, 90.329999999999998, 2);
INSERT INTO uthbaldata VALUES (1464, 1999, 5, 30, 20.600000000000001, 18.899999999999999, 109.90000000000001, NULL, NULL, 2);
INSERT INTO uthbaldata VALUES (1465, 1999, 6, 31, 26.300000000000001, 7.7000000000000002, 163.19999999999999, NULL, NULL, 2);
INSERT INTO uthbaldata VALUES (1466, 1999, 7, 30, 25.5, 7.5, 157.69999999999999, NULL, NULL, 2);
INSERT INTO uthbaldata VALUES (1467, 1999, 8, 31, 28.600000000000001, 10.199999999999999, 176.90000000000001, NULL, NULL, 2);
INSERT INTO uthbaldata VALUES (1468, 1999, 9, 31, 23.100000000000001, 27.300000000000001, 110.40000000000001, NULL, NULL, 2);
INSERT INTO uthbaldata VALUES (1469, 1999, 10, 30, 19, 82.5, 75.200000000000003, NULL, NULL, 2);
INSERT INTO uthbaldata VALUES (1470, 1999, 11, 31, 12.5, 75.700000000000003, 33.899999999999999, NULL, NULL, 2);
INSERT INTO uthbaldata VALUES (1471, 1999, 12, 30, 9.4000000000000004, 68.099999999999994, 21, NULL, NULL, 2);
INSERT INTO uthbaldata VALUES (1472, 2000, 1, 28, 3.7999999999999998, 34.5, 5.0999999999999996, 4.8700000000000001, 65.530000000000001, 2);
INSERT INTO uthbaldata VALUES (1473, 2000, 2, 31, 8.5999999999999996, 54.5, 18.5, 3.8900000000000001, 52.340000000000003, 2);
INSERT INTO uthbaldata VALUES (1474, 2000, 3, 30, 10.300000000000001, 36.899999999999999, 30.699999999999999, 3.0299999999999998, 40.719999999999999, 2);
INSERT INTO uthbaldata VALUES (1475, 2000, 4, 31, 17.199999999999999, 20.800000000000001, 73.799999999999997, 3.29, 44.310000000000002, 2);
INSERT INTO uthbaldata VALUES (1476, 2000, 5, 30, 21.600000000000001, 30.199999999999999, 119, 1.76, 23.670000000000002, 2);
INSERT INTO uthbaldata VALUES (1477, 2000, 6, 31, 25.600000000000001, 13.1, 156.80000000000001, NULL, NULL, 2);
INSERT INTO uthbaldata VALUES (1478, 2000, 7, 30, 28.300000000000001, 7, 186.40000000000001, NULL, NULL, 2);
INSERT INTO uthbaldata VALUES (1479, 2000, 8, 31, 26.800000000000001, 6.9000000000000004, 159.69999999999999, NULL, NULL, 2);
INSERT INTO uthbaldata VALUES (1480, 2000, 9, 31, 23, 16, 109.59999999999999, NULL, NULL, 2);
INSERT INTO uthbaldata VALUES (1481, 2000, 10, 30, 17.199999999999999, 67.099999999999994, 63.899999999999999, NULL, NULL, 2);
INSERT INTO uthbaldata VALUES (1482, 2000, 11, 31, 14.699999999999999, 36.600000000000001, 43.399999999999999, NULL, NULL, 2);
INSERT INTO uthbaldata VALUES (1483, 2000, 12, 30, 8.8000000000000007, 31.399999999999999, 18.699999999999999, NULL, NULL, 2);
INSERT INTO uthbaldata VALUES (1484, 2001, 1, 28, 8.0999999999999996, 54.100000000000001, 17.100000000000001, NULL, NULL, 2);
INSERT INTO uthbaldata VALUES (1485, 2001, 2, 31, 9.8000000000000007, 27.699999999999999, 22.899999999999999, 0.62, 8.2799999999999994, 2);
INSERT INTO uthbaldata VALUES (1486, 2001, 3, 30, 15.9, 25.899999999999999, 60.5, 0.92000000000000004, 12.380000000000001, 2);
INSERT INTO uthbaldata VALUES (1487, 2001, 4, 31, 15.5, 47, 62.5, 2.9500000000000002, 39.659999999999997, 2);
INSERT INTO uthbaldata VALUES (1488, 2001, 5, 30, 20.199999999999999, 62.600000000000001, 106.7, 2.9900000000000002, 40.270000000000003, 2);
INSERT INTO uthbaldata VALUES (1489, 2001, 6, 31, 25.199999999999999, 10.4, 153, NULL, NULL, 2);
INSERT INTO uthbaldata VALUES (1490, 2001, 7, 30, 28.300000000000001, 20.5, 186.09999999999999, NULL, NULL, 2);
INSERT INTO uthbaldata VALUES (1491, 2001, 8, 31, 25.800000000000001, 17.100000000000001, 150.09999999999999, NULL, NULL, 2);
INSERT INTO uthbaldata VALUES (1492, 2001, 9, 31, 21, 7, 94.799999999999997, NULL, NULL, 2);
INSERT INTO uthbaldata VALUES (1493, 2001, 10, 30, 17.800000000000001, 22.699999999999999, 67.700000000000003, NULL, NULL, 2);
INSERT INTO uthbaldata VALUES (1494, 2001, 11, 31, 9.3000000000000007, 41, 21.100000000000001, NULL, NULL, 2);
INSERT INTO uthbaldata VALUES (1495, 2001, 12, 30, 2, 73.5, 1.8, NULL, NULL, 2);
INSERT INTO uthbaldata VALUES (1496, 2002, 1, 28, 3.5, 28.199999999999999, 4.4000000000000004, NULL, NULL, 2);
INSERT INTO uthbaldata VALUES (1497, 2002, 2, 31, 9.0999999999999996, 22.199999999999999, 20.399999999999999, NULL, NULL, 2);
INSERT INTO uthbaldata VALUES (1498, 2002, 3, 30, 11.5, 62.899999999999999, 36.100000000000001, NULL, NULL, 2);
INSERT INTO uthbaldata VALUES (1499, 2002, 4, 31, 13.1, 53.700000000000003, 47.700000000000003, NULL, NULL, 2);
INSERT INTO uthbaldata VALUES (1500, 2002, 5, 30, 19, 19.399999999999999, 97.200000000000003, NULL, NULL, 2);
INSERT INTO uthbaldata VALUES (1501, 2002, 6, 31, 26.600000000000001, 4.5, 166.40000000000001, NULL, NULL, 2);
INSERT INTO uthbaldata VALUES (1502, 2002, 7, 30, 26.300000000000001, 78.299999999999997, 166.5, NULL, NULL, 2);
INSERT INTO uthbaldata VALUES (1503, 2002, 8, 31, 24.800000000000001, 10.5, 141.5, NULL, NULL, 2);
INSERT INTO uthbaldata VALUES (1504, 2002, 9, 31, 20.899999999999999, 101.5, 94.200000000000003, NULL, NULL, 2);
INSERT INTO uthbaldata VALUES (1555, 1960, 10, 30, 15.5, 36.399999999999999, 61.200000000000003, NULL, NULL, 3);
INSERT INTO uthbaldata VALUES (1556, 1960, 11, 31, 11.4, 40, 35.100000000000001, NULL, NULL, 3);
INSERT INTO uthbaldata VALUES (1557, 1960, 12, 30, 8.0999999999999996, 172.30000000000001, 21.5, NULL, NULL, 3);
INSERT INTO uthbaldata VALUES (1558, 1961, 1, 28, 4.4000000000000004, 76.099999999999994, 9.5999999999999996, NULL, NULL, 3);
INSERT INTO uthbaldata VALUES (1559, 1961, 2, 31, 5.2000000000000002, 46.399999999999999, 12.199999999999999, NULL, NULL, 3);
INSERT INTO uthbaldata VALUES (1560, 1961, 3, 30, 9.5999999999999996, 113.40000000000001, 34.100000000000001, NULL, NULL, 3);
INSERT INTO uthbaldata VALUES (1561, 1961, 4, 31, 13.199999999999999, 37.799999999999997, 56.600000000000001, NULL, NULL, 3);
INSERT INTO uthbaldata VALUES (1562, 1961, 5, 30, 16.199999999999999, 37.5, 84.099999999999994, NULL, NULL, 3);
INSERT INTO uthbaldata VALUES (1563, 1961, 6, 31, 20.300000000000001, 25.800000000000001, 115.5, NULL, NULL, 3);
INSERT INTO uthbaldata VALUES (1564, 1961, 7, 30, 22, 36, 130.59999999999999, NULL, NULL, 3);
INSERT INTO uthbaldata VALUES (1565, 1961, 8, 31, 22, 13.800000000000001, 121.90000000000001, NULL, NULL, 3);
INSERT INTO uthbaldata VALUES (1566, 1961, 9, 31, 18.199999999999999, 16, 82.799999999999997, NULL, NULL, 3);
INSERT INTO uthbaldata VALUES (1567, 1961, 10, 30, 14.1, 89.5, 53.899999999999999, NULL, NULL, 3);
INSERT INTO uthbaldata VALUES (1568, 1961, 11, 31, 11, 67.5, 33.5, NULL, NULL, 3);
INSERT INTO uthbaldata VALUES (1569, 1961, 12, 30, 5.2000000000000002, 91.099999999999994, 11.6, NULL, NULL, 3);
INSERT INTO uthbaldata VALUES (1570, 1962, 1, 28, 4.5, 41.5, 9.8000000000000007, NULL, NULL, 3);
INSERT INTO uthbaldata VALUES (1571, 1962, 2, 31, 4.2999999999999998, 63.5, 9.4000000000000004, NULL, NULL, 3);
INSERT INTO uthbaldata VALUES (1572, 1962, 3, 30, 8.9000000000000004, 45.100000000000001, 31.100000000000001, NULL, NULL, 3);
INSERT INTO uthbaldata VALUES (1573, 1962, 4, 31, 11.800000000000001, 26.5, 48.899999999999999, NULL, NULL, 3);
INSERT INTO uthbaldata VALUES (1574, 1962, 5, 30, 16.800000000000001, 31.600000000000001, 88.900000000000006, NULL, NULL, 3);
INSERT INTO uthbaldata VALUES (1575, 1962, 6, 31, 20.100000000000001, 8.1999999999999993, 114.09999999999999, NULL, NULL, 3);
INSERT INTO uthbaldata VALUES (1576, 1962, 7, 30, 22.399999999999999, 25.100000000000001, 134.30000000000001, NULL, NULL, 3);
INSERT INTO uthbaldata VALUES (1577, 1962, 8, 31, 22.800000000000001, 9.1999999999999993, 128.30000000000001, NULL, NULL, 3);
INSERT INTO uthbaldata VALUES (1578, 1962, 9, 31, 18.100000000000001, 242, 82.400000000000006, NULL, NULL, 3);
INSERT INTO uthbaldata VALUES (1579, 1962, 10, 30, 13.9, 194.59999999999999, 52.700000000000003, NULL, NULL, 3);
INSERT INTO uthbaldata VALUES (1580, 1962, 11, 31, 11.5, 108.40000000000001, 35.700000000000003, NULL, NULL, 3);
INSERT INTO uthbaldata VALUES (1581, 1962, 12, 30, 4.2999999999999998, 182.69999999999999, 9.0999999999999996, NULL, NULL, 3);
INSERT INTO uthbaldata VALUES (1582, 1963, 1, 28, 3.8999999999999999, 94.299999999999997, 8.3000000000000007, NULL, NULL, 3);
INSERT INTO uthbaldata VALUES (1583, 1963, 2, 31, 6, 71.5, 14.6, NULL, NULL, 3);
INSERT INTO uthbaldata VALUES (1584, 1963, 3, 30, 7.2000000000000002, 72.400000000000006, 23, NULL, NULL, 3);
INSERT INTO uthbaldata VALUES (1585, 1963, 4, 31, 11.5, 31.199999999999999, 47.200000000000003, NULL, NULL, 3);
INSERT INTO uthbaldata VALUES (1586, 1963, 5, 30, 15.199999999999999, 52.200000000000003, 77.700000000000003, NULL, NULL, 3);
INSERT INTO uthbaldata VALUES (1587, 1963, 6, 31, 20, 19.399999999999999, 112.90000000000001, NULL, NULL, 3);
INSERT INTO uthbaldata VALUES (1588, 1963, 7, 30, 22.199999999999999, 26, 132.80000000000001, NULL, NULL, 3);
INSERT INTO uthbaldata VALUES (1589, 1963, 8, 31, 22.600000000000001, 17.199999999999999, 126.40000000000001, NULL, NULL, 3);
INSERT INTO uthbaldata VALUES (1590, 1963, 9, 31, 18.100000000000001, 19.300000000000001, 82, NULL, NULL, 3);
INSERT INTO uthbaldata VALUES (1591, 1963, 10, 30, 13.699999999999999, 178.19999999999999, 52.100000000000001, NULL, NULL, 3);
INSERT INTO uthbaldata VALUES (1592, 1963, 11, 31, 10.9, 84.700000000000003, 33.200000000000003, NULL, NULL, 3);
INSERT INTO uthbaldata VALUES (1593, 1963, 12, 30, 6.2999999999999998, 80, 15.300000000000001, NULL, NULL, 3);
INSERT INTO uthbaldata VALUES (1594, 1964, 1, 28, 3.3999999999999999, 73.799999999999997, 6.7999999999999998, NULL, NULL, 3);
INSERT INTO uthbaldata VALUES (1595, 1964, 2, 31, 5.2000000000000002, 34.299999999999997, 12, NULL, NULL, 3);
INSERT INTO uthbaldata VALUES (1596, 1964, 3, 30, 8.3000000000000007, 81.099999999999994, 28.100000000000001, NULL, NULL, 3);
INSERT INTO uthbaldata VALUES (1597, 1964, 4, 31, 11.5, 25.100000000000001, 47, NULL, NULL, 3);
INSERT INTO uthbaldata VALUES (1598, 1964, 5, 30, 15.1, 59.700000000000003, 76.700000000000003, NULL, NULL, 3);
INSERT INTO uthbaldata VALUES (1599, 1964, 6, 31, 19.300000000000001, 47.899999999999999, 108, NULL, NULL, 3);
INSERT INTO uthbaldata VALUES (1600, 1964, 7, 30, 21.199999999999999, 24.300000000000001, 124.3, NULL, NULL, 3);
INSERT INTO uthbaldata VALUES (1601, 1964, 8, 31, 21.100000000000001, 11.5, 115.7, NULL, NULL, 3);
INSERT INTO uthbaldata VALUES (1602, 1964, 9, 31, 18, 75.099999999999994, 81.599999999999994, NULL, NULL, 3);
INSERT INTO uthbaldata VALUES (1603, 1964, 10, 30, 15, 55.299999999999997, 58.5, NULL, NULL, 3);
INSERT INTO uthbaldata VALUES (1604, 1964, 11, 31, 10.300000000000001, 60, 30.800000000000001, NULL, NULL, 3);
INSERT INTO uthbaldata VALUES (1605, 1964, 12, 30, 6.2000000000000002, 82.400000000000006, 15, NULL, NULL, 3);
INSERT INTO uthbaldata VALUES (1606, 1965, 1, 28, 4.5999999999999996, 109.8, 10.4, NULL, NULL, 3);
INSERT INTO uthbaldata VALUES (1607, 1965, 2, 31, 3.1000000000000001, 75.700000000000003, 5.9000000000000004, NULL, NULL, 3);
INSERT INTO uthbaldata VALUES (1608, 1965, 3, 30, 7.9000000000000004, 79.5, 26.199999999999999, NULL, NULL, 3);
INSERT INTO uthbaldata VALUES (1609, 1965, 4, 31, 10.9, 59.100000000000001, 44, NULL, NULL, 3);
INSERT INTO uthbaldata VALUES (1610, 1965, 5, 30, 15.1, 43.299999999999997, 76.299999999999997, NULL, NULL, 3);
INSERT INTO uthbaldata VALUES (1611, 1965, 6, 31, 19.600000000000001, 39.600000000000001, 109.90000000000001, NULL, NULL, 3);
INSERT INTO uthbaldata VALUES (1612, 1965, 7, 30, 22.100000000000001, 75.400000000000006, 131.80000000000001, NULL, NULL, 3);
INSERT INTO uthbaldata VALUES (1613, 1965, 8, 31, 20.5, 9.4000000000000004, 111.2, NULL, NULL, 3);
INSERT INTO uthbaldata VALUES (1614, 1965, 9, 31, 18, 6, 81.700000000000003, NULL, NULL, 3);
INSERT INTO uthbaldata VALUES (1615, 1965, 10, 30, 12.800000000000001, 47.899999999999999, 47.100000000000001, NULL, NULL, 3);
INSERT INTO uthbaldata VALUES (1616, 1965, 11, 31, 9.5999999999999996, 68.599999999999994, 27.800000000000001, NULL, NULL, 3);
INSERT INTO uthbaldata VALUES (1617, 1965, 12, 30, 6.5, 54.399999999999999, 15.9, NULL, NULL, 3);
INSERT INTO uthbaldata VALUES (1618, 1966, 1, 28, 3.7999999999999998, 125.09999999999999, 8, NULL, NULL, 3);
INSERT INTO uthbaldata VALUES (1619, 1966, 2, 31, 8.4000000000000004, 31.600000000000001, 23.199999999999999, NULL, NULL, 3);
INSERT INTO uthbaldata VALUES (1620, 1966, 3, 30, 8.1999999999999993, 76.5, 27.5, NULL, NULL, 3);
INSERT INTO uthbaldata VALUES (1621, 1966, 4, 31, 12.6, 39.899999999999999, 53.100000000000001, NULL, NULL, 3);
INSERT INTO uthbaldata VALUES (1622, 1966, 5, 30, 15.5, 72.599999999999994, 79.700000000000003, NULL, NULL, 3);
INSERT INTO uthbaldata VALUES (1623, 1966, 6, 31, 19, 39.399999999999999, 105.5, NULL, NULL, 3);
INSERT INTO uthbaldata VALUES (1624, 1966, 7, 30, 22.399999999999999, 11.9, 134.19999999999999, NULL, NULL, 3);
INSERT INTO uthbaldata VALUES (1625, 1966, 8, 31, 22.600000000000001, 22.199999999999999, 126.40000000000001, 0.77000000000000002, 10.289999999999999, 3);
INSERT INTO uthbaldata VALUES (1626, 1966, 9, 31, 18.100000000000001, 20.699999999999999, 82.200000000000003, 0.96999999999999997, 13.08, 3);
INSERT INTO uthbaldata VALUES (1627, 1966, 10, 30, 17.300000000000001, 81.200000000000003, 71.299999999999997, 2.04, 27.43, 3);
INSERT INTO uthbaldata VALUES (1628, 1966, 11, 31, 10.699999999999999, 133.40000000000001, 32.399999999999999, 8.1600000000000001, 109.68000000000001, 3);
INSERT INTO uthbaldata VALUES (1629, 1966, 12, 30, 6, 123.09999999999999, 14.300000000000001, 26, 349.70999999999998, 3);
INSERT INTO uthbaldata VALUES (1630, 1967, 1, 28, 3.8999999999999999, 35.200000000000003, 8.0999999999999996, 4.2800000000000002, 57.520000000000003, 3);
INSERT INTO uthbaldata VALUES (1631, 1967, 2, 31, 4.5, 55.700000000000003, 10, 3.8199999999999998, 51.399999999999999, 3);
INSERT INTO uthbaldata VALUES (1632, 1967, 3, 30, 8.4000000000000004, 66.599999999999994, 28.699999999999999, 5.0700000000000003, 68.140000000000001, 3);
INSERT INTO uthbaldata VALUES (1633, 1967, 4, 31, 11.5, 45.5, 46.899999999999999, 2.9199999999999999, 39.310000000000002, 3);
INSERT INTO uthbaldata VALUES (1634, 1967, 5, 30, 15.9, 68.299999999999997, 82, 2.8399999999999999, 38.149999999999999, 3);
INSERT INTO uthbaldata VALUES (1635, 1967, 6, 31, 18.899999999999999, 12.800000000000001, 104.7, 1, 13.460000000000001, 3);
INSERT INTO uthbaldata VALUES (1636, 1967, 7, 30, 21, 50.600000000000001, 123.2, 0.76000000000000001, 10.199999999999999, 3);
INSERT INTO uthbaldata VALUES (1637, 1967, 8, 31, 22.100000000000001, 37.299999999999997, 123.09999999999999, 4.0899999999999999, 55, 3);
INSERT INTO uthbaldata VALUES (1638, 1967, 9, 31, 18.100000000000001, 113.8, 82.099999999999994, 2.98, 40.119999999999997, 3);
INSERT INTO uthbaldata VALUES (1639, 1967, 10, 30, 15.1, 61.299999999999997, 59.299999999999997, 2.0699999999999998, 27.859999999999999, 3);
INSERT INTO uthbaldata VALUES (1640, 1967, 11, 31, 10.1, 101.90000000000001, 30, 2.27, 30.559999999999999, 3);
INSERT INTO uthbaldata VALUES (1641, 1967, 12, 30, 5.9000000000000004, 88.700000000000003, 14.1, 4.1200000000000001, 55.380000000000003, 3);
INSERT INTO uthbaldata VALUES (1642, 1968, 1, 28, 2.7999999999999998, 95.799999999999997, 5.2000000000000002, 10.98, 147.62, 3);
INSERT INTO uthbaldata VALUES (1643, 1968, 2, 31, 6.7000000000000002, 59.100000000000001, 17.100000000000001, 4.5599999999999996, 61.280000000000001, 3);
INSERT INTO uthbaldata VALUES (1644, 1968, 3, 30, 7.5, 74.299999999999997, 24.5, 4.4900000000000002, 60.369999999999997, 3);
INSERT INTO uthbaldata VALUES (1645, 1968, 4, 31, 12.699999999999999, 32.600000000000001, 53.700000000000003, 2.1499999999999999, 28.960000000000001, 3);
INSERT INTO uthbaldata VALUES (1646, 1968, 5, 30, 16.899999999999999, 94.299999999999997, 89.700000000000003, 5.2199999999999998, 70.219999999999999, 3);
INSERT INTO uthbaldata VALUES (1647, 1968, 6, 31, 18.800000000000001, 22.100000000000001, 104, 1.3799999999999999, 18.539999999999999, 3);
INSERT INTO uthbaldata VALUES (1648, 1968, 7, 30, 21.899999999999999, 7.2000000000000002, 129.80000000000001, 0.68999999999999995, 9.3100000000000005, 3);
INSERT INTO uthbaldata VALUES (1649, 1968, 8, 31, 21.100000000000001, 10.6, 115.40000000000001, 1.1899999999999999, 16.010000000000002, 3);
INSERT INTO uthbaldata VALUES (1650, 1968, 9, 31, 18.100000000000001, 68.200000000000003, 82.099999999999994, 0.51000000000000001, 6.8399999999999999, 3);
INSERT INTO uthbaldata VALUES (1651, 1968, 10, 30, 13.199999999999999, 160.80000000000001, 49.100000000000001, 1.5700000000000001, 21.07, 3);
INSERT INTO uthbaldata VALUES (1652, 1968, 11, 31, 10.300000000000001, 112.09999999999999, 30.600000000000001, 6.29, 84.599999999999994, 3);
INSERT INTO uthbaldata VALUES (1653, 1968, 12, 30, 5.4000000000000004, 113.40000000000001, 12.6, 17.52, 235.55000000000001, 3);
INSERT INTO uthbaldata VALUES (1654, 1969, 1, 28, 4, 120.59999999999999, 8.4000000000000004, 29.149999999999999, 391.97000000000003, 3);
INSERT INTO uthbaldata VALUES (1655, 1969, 2, 31, 6.7999999999999998, 52.899999999999999, 17.399999999999999, 17.18, 230.99000000000001, 3);
INSERT INTO uthbaldata VALUES (1656, 1969, 3, 30, 7.7000000000000002, 85.200000000000003, 25.199999999999999, 35.729999999999997, 480.51999999999998, 3);
INSERT INTO uthbaldata VALUES (1657, 1969, 4, 31, 10.9, 30.100000000000001, 43.799999999999997, 10.49, 141.08000000000001, 3);
INSERT INTO uthbaldata VALUES (1658, 1969, 5, 30, 16.899999999999999, 19.199999999999999, 89.099999999999994, 2.5, 33.609999999999999, 3);
INSERT INTO uthbaldata VALUES (1659, 1969, 6, 31, 20.100000000000001, 17.600000000000001, 114.2, 1.1599999999999999, 15.65, 3);
INSERT INTO uthbaldata VALUES (1660, 1969, 7, 30, 21.199999999999999, 10.4, 124.59999999999999, 1.1899999999999999, 16.039999999999999, 3);
INSERT INTO uthbaldata VALUES (1661, 1969, 8, 31, 21.699999999999999, 10, 120.09999999999999, 0.92000000000000004, 12.41, 3);
INSERT INTO uthbaldata VALUES (1662, 1969, 9, 31, 18.100000000000001, 35.799999999999997, 81.900000000000006, 3.0699999999999998, 41.280000000000001, 3);
INSERT INTO uthbaldata VALUES (1663, 1969, 10, 30, 13, 29.800000000000001, 48.5, 1.6200000000000001, 21.829999999999998, 3);
INSERT INTO uthbaldata VALUES (1664, 1969, 11, 31, 10.5, 46.799999999999997, 31.399999999999999, 2.25, 30.289999999999999, 3);
INSERT INTO uthbaldata VALUES (1665, 1969, 12, 30, 6.2999999999999998, 147.40000000000001, 15.4, 9.0099999999999998, 121.22, 3);
INSERT INTO uthbaldata VALUES (1666, 1970, 1, 28, 5.2000000000000002, 53, 12.1, 4.3700000000000001, 58.770000000000003, 3);
INSERT INTO uthbaldata VALUES (1667, 1970, 2, 31, 7, 75, 18, 2.5600000000000001, 34.43, 3);
INSERT INTO uthbaldata VALUES (1668, 1970, 3, 30, 8.5, 73.5, 29.100000000000001, 3.6299999999999999, 48.810000000000002, 3);
INSERT INTO uthbaldata VALUES (1669, 1970, 4, 31, 12.6, 21.899999999999999, 53.399999999999999, 2.5, 33.640000000000001, 3);
INSERT INTO uthbaldata VALUES (1670, 1970, 5, 30, 14.9, 101.2, 75.400000000000006, 3.6899999999999999, 49.57, 3);
INSERT INTO uthbaldata VALUES (1671, 1970, 6, 31, 20.199999999999999, 33.5, 115.09999999999999, 1.9299999999999999, 26, 3);
INSERT INTO uthbaldata VALUES (1672, 1970, 7, 30, 21.800000000000001, 20.199999999999999, 128.90000000000001, 0.65000000000000002, 8.8000000000000007, 3);
INSERT INTO uthbaldata VALUES (1673, 1970, 8, 31, 22.5, 15.5, 125.8, 0.81999999999999995, 11.029999999999999, 3);
INSERT INTO uthbaldata VALUES (1674, 1970, 9, 31, 18.100000000000001, 20, 82.299999999999997, 0.73999999999999999, 9.9199999999999999, 3);
INSERT INTO uthbaldata VALUES (1675, 1970, 10, 30, 12.9, 54, 47.799999999999997, 3.98, 53.509999999999998, 3);
INSERT INTO uthbaldata VALUES (1676, 1970, 11, 31, 9.4000000000000004, 37, 27.199999999999999, 1.27, 17.129999999999999, 3);
INSERT INTO uthbaldata VALUES (1677, 1970, 12, 30, 5, 56.399999999999999, 11.1, 1.3600000000000001, 18.329999999999998, 3);
INSERT INTO uthbaldata VALUES (1678, 1971, 1, 28, 5.0999999999999996, 89.900000000000006, 11.800000000000001, 3.2400000000000002, 43.619999999999997, 3);
INSERT INTO uthbaldata VALUES (1679, 1971, 2, 31, 5.2000000000000002, 97.799999999999997, 12, 4.54, 60.990000000000002, 3);
INSERT INTO uthbaldata VALUES (1680, 1971, 3, 30, 7, 107.5, 22.199999999999999, 8.5099999999999998, 114.42, 3);
INSERT INTO uthbaldata VALUES (1681, 1971, 4, 31, 11.1, 33.799999999999997, 44.700000000000003, 4.9800000000000004, 66.920000000000002, 3);
INSERT INTO uthbaldata VALUES (1682, 1971, 5, 30, 16.399999999999999, 42.700000000000003, 86, 0.79000000000000004, 10.640000000000001, 3);
INSERT INTO uthbaldata VALUES (1683, 1971, 6, 31, 20.699999999999999, 35.600000000000001, 118.5, 1.78, 23.940000000000001, 3);
INSERT INTO uthbaldata VALUES (1684, 1971, 7, 30, 20.600000000000001, 71, 119.7, 1.6799999999999999, 22.649999999999999, 3);
INSERT INTO uthbaldata VALUES (1685, 1971, 8, 31, 22, 24.100000000000001, 121.90000000000001, 1.29, 17.32, 3);
INSERT INTO uthbaldata VALUES (1686, 1971, 9, 31, 18, 45.600000000000001, 81.400000000000006, 1.3400000000000001, 18.050000000000001, 3);
INSERT INTO uthbaldata VALUES (1687, 1971, 10, 30, 12, 91.200000000000003, 43.399999999999999, 1.98, 26.579999999999998, 3);
INSERT INTO uthbaldata VALUES (1688, 1971, 11, 31, 9.3000000000000007, 22, 26.600000000000001, 1.45, 19.449999999999999, 3);
INSERT INTO uthbaldata VALUES (1689, 1971, 12, 30, 5.4000000000000004, 53.399999999999999, 12.300000000000001, 2.52, 33.829999999999998, 3);
INSERT INTO uthbaldata VALUES (1690, 1972, 1, 28, 4.5, 89, 9.9000000000000004, 3.96, 53.25, 3);
INSERT INTO uthbaldata VALUES (1691, 1972, 2, 31, 5.5, 83.700000000000003, 13.199999999999999, 1.8500000000000001, 24.84, 3);
INSERT INTO uthbaldata VALUES (1692, 1972, 3, 30, 8, 70.900000000000006, 26.600000000000001, 4.8300000000000001, 64.989999999999995, 3);
INSERT INTO uthbaldata VALUES (1693, 1972, 4, 31, 12.1, 99.799999999999997, 50.399999999999999, 9.8200000000000003, 132.12, 3);
INSERT INTO uthbaldata VALUES (1694, 1972, 5, 30, 16, 38.899999999999999, 82.900000000000006, 4.1500000000000004, 55.840000000000003, 3);
INSERT INTO uthbaldata VALUES (1695, 1972, 6, 31, 21.100000000000001, 23.899999999999999, 121.40000000000001, 1.99, 26.75, 3);
INSERT INTO uthbaldata VALUES (1696, 1972, 7, 30, 21.399999999999999, 132, 126.3, 2.4199999999999999, 32.530000000000001, 3);
INSERT INTO uthbaldata VALUES (1697, 1972, 8, 31, 21.300000000000001, 32.600000000000001, 117.2, 2.3700000000000001, 31.850000000000001, 3);
INSERT INTO uthbaldata VALUES (1698, 1972, 9, 31, 18, 33.700000000000003, 81.700000000000003, 2.02, 27.140000000000001, 3);
INSERT INTO uthbaldata VALUES (1699, 1972, 10, 30, 10.699999999999999, 181, 37.200000000000003, 2.5299999999999998, 34.07, 3);
INSERT INTO uthbaldata VALUES (1700, 1972, 11, 31, 9.9000000000000004, 66.200000000000003, 29, 2.4399999999999999, 32.799999999999997, 3);
INSERT INTO uthbaldata VALUES (1701, 1972, 12, 30, 4.5, 27.600000000000001, 9.8000000000000007, 2.1800000000000002, 29.370000000000001, 3);
INSERT INTO uthbaldata VALUES (1702, 1973, 1, 28, 3.7999999999999998, 81.799999999999997, 8, 5.0700000000000003, 68.129999999999995, 3);
INSERT INTO uthbaldata VALUES (1703, 1973, 2, 31, 5.7000000000000002, 49, 13.800000000000001, NULL, NULL, 3);
INSERT INTO uthbaldata VALUES (1704, 1973, 3, 30, 5.4000000000000004, 79.299999999999997, 15.699999999999999, 7.5300000000000002, 101.20999999999999, 3);
INSERT INTO uthbaldata VALUES (1705, 1973, 4, 31, 10.199999999999999, 33.399999999999999, 40, 7.29, 98.079999999999998, 3);
INSERT INTO uthbaldata VALUES (1706, 1973, 5, 30, 15.800000000000001, 14.6, 81.400000000000006, 1.3500000000000001, 18.140000000000001, 3);
INSERT INTO uthbaldata VALUES (1707, 1973, 6, 31, 18.800000000000001, 9.5999999999999996, 104, 0.83999999999999997, 11.279999999999999, 3);
INSERT INTO uthbaldata VALUES (1708, 1973, 7, 30, 22, 46.799999999999997, 131.09999999999999, 0.62, 8.3599999999999994, 3);
INSERT INTO uthbaldata VALUES (1709, 1973, 8, 31, 19.699999999999999, 39.299999999999997, 105, 1.26, 17.010000000000002, 3);
INSERT INTO uthbaldata VALUES (1710, 1973, 9, 31, 18.100000000000001, 86.599999999999994, 82, 2.8999999999999999, 39.020000000000003, 3);
INSERT INTO uthbaldata VALUES (1711, 1973, 10, 30, 14, 130.69999999999999, 53.200000000000003, 1.4199999999999999, 19.100000000000001, 3);
INSERT INTO uthbaldata VALUES (1712, 1973, 11, 31, 7.5999999999999996, 52.600000000000001, 20.399999999999999, 1.3100000000000001, 17.640000000000001, 3);
INSERT INTO uthbaldata VALUES (1713, 1973, 12, 30, 4.7000000000000002, 73.900000000000006, 10.300000000000001, 3.29, 44.18, 3);
INSERT INTO uthbaldata VALUES (1714, 1974, 1, 28, 5, 83.599999999999994, 11.4, 15.279999999999999, 205.5, 3);
INSERT INTO uthbaldata VALUES (1715, 1974, 2, 31, 5.7000000000000002, 113.09999999999999, 13.6, NULL, NULL, 3);
INSERT INTO uthbaldata VALUES (1716, 1974, 3, 30, 8.5, 69.599999999999994, 29, NULL, NULL, 3);
INSERT INTO uthbaldata VALUES (1717, 1974, 4, 31, 9.5999999999999996, 88.299999999999997, 37.100000000000001, 8.5299999999999994, 114.67, 3);
INSERT INTO uthbaldata VALUES (1718, 1974, 5, 30, 14.199999999999999, 41, 70.400000000000006, NULL, NULL, 3);
INSERT INTO uthbaldata VALUES (1719, 1974, 6, 31, 19.399999999999999, 40.399999999999999, 108.40000000000001, NULL, NULL, 3);
INSERT INTO uthbaldata VALUES (1720, 1974, 7, 30, 20, 6.5999999999999996, 115.09999999999999, 1.3600000000000001, 18.34, 3);
INSERT INTO uthbaldata VALUES (1721, 1974, 8, 31, 20.100000000000001, 3.1000000000000001, 107.90000000000001, 0.70999999999999996, 9.6099999999999994, 3);
INSERT INTO uthbaldata VALUES (1722, 1974, 9, 31, 17.300000000000001, 33.399999999999999, 77, 3.4100000000000001, 45.920000000000002, 3);
INSERT INTO uthbaldata VALUES (1723, 1974, 10, 30, 14.6, 41.899999999999999, 56.399999999999999, 0.95999999999999996, 12.960000000000001, 3);
INSERT INTO uthbaldata VALUES (1724, 1974, 11, 31, 9.1999999999999993, 85.900000000000006, 26.300000000000001, 1.9099999999999999, 25.649999999999999, 3);
INSERT INTO uthbaldata VALUES (1725, 1974, 12, 30, 3.7000000000000002, 49.299999999999997, 7.5, 2.27, 30.559999999999999, 3);
INSERT INTO uthbaldata VALUES (1726, 1975, 1, 28, 3.7000000000000002, 66.299999999999997, 7.5999999999999996, 3.3100000000000001, 44.479999999999997, 3);
INSERT INTO uthbaldata VALUES (1727, 1975, 2, 31, 4.5, 112.09999999999999, 10.1, 5, 67.280000000000001, 3);
INSERT INTO uthbaldata VALUES (1728, 1975, 3, 30, 7.9000000000000004, 39.600000000000001, 26.300000000000001, 6.0599999999999996, 81.439999999999998, 3);
INSERT INTO uthbaldata VALUES (1729, 1975, 4, 31, 11.800000000000001, 58.200000000000003, 49, 3.5299999999999998, 47.469999999999999, 3);
INSERT INTO uthbaldata VALUES (1730, 1975, 5, 30, 15.1, 50.299999999999997, 76.700000000000003, 4.7999999999999998, 64.5, 3);
INSERT INTO uthbaldata VALUES (1731, 1975, 6, 31, 18.399999999999999, 127.40000000000001, 101.40000000000001, 4.0599999999999996, 54.600000000000001, 3);
INSERT INTO uthbaldata VALUES (1732, 1975, 7, 30, 21.5, 23.800000000000001, 126.5, 2.3799999999999999, 31.969999999999999, 3);
INSERT INTO uthbaldata VALUES (1733, 1975, 8, 31, 20, 34.200000000000003, 107.5, 1.01, 13.640000000000001, 3);
INSERT INTO uthbaldata VALUES (1734, 1975, 9, 31, 19, 23, 87.900000000000006, 3.7599999999999998, 50.630000000000003, 3);
INSERT INTO uthbaldata VALUES (1735, 1975, 10, 30, 13.1, 69.799999999999997, 48.899999999999999, 1.55, 20.82, 3);
INSERT INTO uthbaldata VALUES (1736, 1975, 11, 31, 9.5, 80.700000000000003, 27.600000000000001, 1.3799999999999999, 18.559999999999999, 3);
INSERT INTO uthbaldata VALUES (1737, 1975, 12, 30, 4.5, 60, 9.8000000000000007, NULL, NULL, 3);
INSERT INTO uthbaldata VALUES (1738, 1976, 1, 28, 4.5999999999999996, 89.200000000000003, 10.199999999999999, 2.21, 29.649999999999999, 3);
INSERT INTO uthbaldata VALUES (1739, 1976, 2, 31, 4.7000000000000002, 126.3, 10.699999999999999, 30.920000000000002, 415.74000000000001, 3);
INSERT INTO uthbaldata VALUES (1740, 1976, 3, 30, 7.2999999999999998, 43.100000000000001, 23.5, 7.7599999999999998, 104.34999999999999, 3);
INSERT INTO uthbaldata VALUES (1741, 1976, 4, 31, 12.4, 55.700000000000003, 52.299999999999997, 9.2799999999999994, 124.75, 3);
INSERT INTO uthbaldata VALUES (1742, 1976, 5, 30, 15, 102.8, 75.900000000000006, 7.6200000000000001, 102.48, 3);
INSERT INTO uthbaldata VALUES (1743, 1976, 6, 31, 18.199999999999999, 11.9, 99.5, 2.6000000000000001, 34.990000000000002, 3);
INSERT INTO uthbaldata VALUES (1744, 1976, 7, 30, 20.399999999999999, 50.899999999999999, 118.40000000000001, 0.81999999999999995, 11.08, 3);
INSERT INTO uthbaldata VALUES (1745, 1976, 8, 31, 18.600000000000001, 35.299999999999997, 96.900000000000006, 2.7799999999999998, 37.350000000000001, 3);
INSERT INTO uthbaldata VALUES (1746, 1976, 9, 31, 16.800000000000001, 25.199999999999999, 74, 4.7599999999999998, 64.040000000000006, 3);
INSERT INTO uthbaldata VALUES (1747, 1976, 10, 30, 14.4, 80.900000000000006, 55.600000000000001, 3.29, 44.210000000000001, 3);
INSERT INTO uthbaldata VALUES (1748, 1976, 11, 31, 10, 73.299999999999997, 29.5, 2.4900000000000002, 33.549999999999997, 3);
INSERT INTO uthbaldata VALUES (1749, 1976, 12, 30, 5, 40.799999999999997, 11.300000000000001, 2.2999999999999998, 30.879999999999999, 3);
INSERT INTO uthbaldata VALUES (1750, 1977, 1, 28, 4.5, 28.800000000000001, 10, 2.27, 30.579999999999998, 3);
INSERT INTO uthbaldata VALUES (1751, 1977, 2, 31, 8.6999999999999993, 50.200000000000003, 24.5, 2.0899999999999999, 28.129999999999999, 3);
INSERT INTO uthbaldata VALUES (1752, 1977, 3, 30, 8.9000000000000004, 50.799999999999997, 30.800000000000001, 1.25, 16.850000000000001, 3);
INSERT INTO uthbaldata VALUES (1753, 1977, 4, 31, 11.5, 38.100000000000001, 47.299999999999997, 1.3899999999999999, 18.670000000000002, 3);
INSERT INTO uthbaldata VALUES (1754, 1977, 5, 30, 17.300000000000001, 49.5, 92, 1.8700000000000001, 25.16, 3);
INSERT INTO uthbaldata VALUES (1755, 1977, 6, 31, 20.199999999999999, 16.699999999999999, 114.90000000000001, 1.71, 23, 3);
INSERT INTO uthbaldata VALUES (1756, 1977, 7, 30, 23, 10.6, 139, 1.1200000000000001, 15.1, 3);
INSERT INTO uthbaldata VALUES (1757, 1977, 8, 31, 21.899999999999999, 22.600000000000001, 121.59999999999999, 1.1200000000000001, 15.1, 3);
INSERT INTO uthbaldata VALUES (1758, 1977, 9, 31, 17.5, 42.100000000000001, 78.400000000000006, 0.80000000000000004, 10.77, 3);
INSERT INTO uthbaldata VALUES (1759, 1977, 10, 30, 12.199999999999999, 50.100000000000001, 44.299999999999997, 0.70999999999999996, 9.5999999999999996, 3);
INSERT INTO uthbaldata VALUES (1760, 1977, 11, 31, 8.5999999999999996, 86.299999999999997, 23.800000000000001, 0.53000000000000003, 7.1200000000000001, 3);
INSERT INTO uthbaldata VALUES (1761, 1977, 12, 30, 3.7000000000000002, 145.40000000000001, 7.4000000000000004, 0.98999999999999999, 13.369999999999999, 3);
INSERT INTO uthbaldata VALUES (1762, 1978, 1, 28, 3.8999999999999999, 126.5, 8.3000000000000007, 1.6899999999999999, 22.73, 3);
INSERT INTO uthbaldata VALUES (1763, 1978, 2, 31, 6.7999999999999998, 34, 17.399999999999999, 1.7, 22.91, 3);
INSERT INTO uthbaldata VALUES (1764, 1978, 3, 30, 9, 48.399999999999999, 31.399999999999999, 1.1299999999999999, 15.16, 3);
INSERT INTO uthbaldata VALUES (1765, 1978, 4, 31, 10.9, 54.200000000000003, 44, 4.1200000000000001, 55.350000000000001, 3);
INSERT INTO uthbaldata VALUES (1766, 1978, 5, 30, 15.300000000000001, 43.899999999999999, 77.799999999999997, 1.6499999999999999, 22.149999999999999, 3);
INSERT INTO uthbaldata VALUES (1767, 1978, 6, 31, 19.699999999999999, 14.300000000000001, 110.90000000000001, 1.99, 26.73, 3);
INSERT INTO uthbaldata VALUES (1768, 1978, 7, 30, 21.399999999999999, 7.5, 126, 0.98999999999999999, 13.369999999999999, 3);
INSERT INTO uthbaldata VALUES (1769, 1978, 8, 31, 19.800000000000001, 4.5, 105.7, 0.96999999999999997, 13, 3);
INSERT INTO uthbaldata VALUES (1770, 1978, 9, 31, 16.199999999999999, 302.19999999999999, 70.5, 22.629999999999999, 304.37, 3);
INSERT INTO uthbaldata VALUES (1771, 1978, 10, 30, 12.4, 173.59999999999999, 45.299999999999997, 36.100000000000001, 485.44, 3);
INSERT INTO uthbaldata VALUES (1772, 1978, 11, 31, 6.0999999999999996, 43.799999999999997, 15.199999999999999, 14.33, 192.65000000000001, 3);
INSERT INTO uthbaldata VALUES (1773, 1978, 12, 30, 6.7000000000000002, 71.799999999999997, 16.800000000000001, 9.0299999999999994, 121.47, 3);
INSERT INTO uthbaldata VALUES (1774, 1979, 1, 28, 3.6000000000000001, 88.299999999999997, 7.2000000000000002, 10.19, 137.09999999999999, 3);
INSERT INTO uthbaldata VALUES (1775, 1979, 2, 31, 6.5999999999999996, 88.700000000000003, 16.699999999999999, 9.5099999999999998, 127.89, 3);
INSERT INTO uthbaldata VALUES (1776, 1979, 3, 30, 9.4000000000000004, 32.799999999999997, 33.399999999999999, 5.4199999999999999, 72.920000000000002, 3);
INSERT INTO uthbaldata VALUES (1777, 1979, 4, 31, 10.1, 38.700000000000003, 39.299999999999997, 5.2300000000000004, 70.269999999999996, 3);
INSERT INTO uthbaldata VALUES (1778, 1979, 5, 30, 15.4, 102.90000000000001, 78.400000000000006, 8.8699999999999992, 119.27, 3);
INSERT INTO uthbaldata VALUES (1779, 1979, 6, 31, 19.800000000000001, 8.5999999999999996, 111.7, 1.5700000000000001, 21.149999999999999, 3);
INSERT INTO uthbaldata VALUES (1780, 1979, 7, 30, 20.600000000000001, 19.600000000000001, 119.59999999999999, 1.2, 16.170000000000002, 3);
INSERT INTO uthbaldata VALUES (1781, 1979, 8, 31, 20.699999999999999, 38.799999999999997, 112.09999999999999, 1.54, 20.719999999999999, 3);
INSERT INTO uthbaldata VALUES (1782, 1979, 9, 31, 17.399999999999999, 21.699999999999999, 77.799999999999997, 1.78, 23.989999999999998, 3);
INSERT INTO uthbaldata VALUES (1783, 1979, 10, 30, 12.5, 163.30000000000001, 45.799999999999997, 2.4100000000000001, 32.409999999999997, 3);
INSERT INTO uthbaldata VALUES (1784, 1979, 11, 31, 9.6999999999999993, 212.19999999999999, 28.5, 16.030000000000001, 215.52000000000001, 3);
INSERT INTO uthbaldata VALUES (1785, 1979, 12, 30, 6.0999999999999996, 118.90000000000001, 14.6, 34.310000000000002, 461.35000000000002, 3);
INSERT INTO uthbaldata VALUES (1786, 1980, 1, 28, 3.3999999999999999, 73.5, 6.7999999999999998, 38.890000000000001, 522.97000000000003, 3);
INSERT INTO uthbaldata VALUES (1787, 1980, 2, 31, 4.9000000000000004, 66.200000000000003, 11.1, 22.620000000000001, 304.19999999999999, 3);
INSERT INTO uthbaldata VALUES (1788, 1980, 3, 30, 7.4000000000000004, 93.400000000000006, 24.100000000000001, 27.420000000000002, 368.76999999999998, 3);
INSERT INTO uthbaldata VALUES (1789, 1980, 4, 31, 10.5, 63.399999999999999, 41.700000000000003, 19.899999999999999, 267.61000000000001, 3);
INSERT INTO uthbaldata VALUES (1790, 1980, 5, 30, 13.699999999999999, 71, 67.200000000000003, 11.539999999999999, 155.19, 3);
INSERT INTO uthbaldata VALUES (1791, 1980, 6, 31, 13.5, 26, 66.599999999999994, 7.8799999999999999, 105.91, 3);
INSERT INTO uthbaldata VALUES (1792, 1980, 7, 30, 21.300000000000001, 8.0999999999999996, 125.2, 0.56999999999999995, 7.7199999999999998, 3);
INSERT INTO uthbaldata VALUES (1793, 1980, 8, 31, 20.899999999999999, 16.199999999999999, 113.8, 0.76000000000000001, 10.19, 3);
INSERT INTO uthbaldata VALUES (1794, 1980, 9, 31, 17.5, 32.899999999999999, 78.200000000000003, 5.0599999999999996, 68, 3);
INSERT INTO uthbaldata VALUES (1795, 1980, 10, 30, 14.4, 189.59999999999999, 55.700000000000003, 7.0499999999999998, 94.859999999999999, 3);
INSERT INTO uthbaldata VALUES (1796, 1980, 11, 31, 10.800000000000001, 69.700000000000003, 32.600000000000001, 6.5199999999999996, 87.709999999999994, 3);
INSERT INTO uthbaldata VALUES (1797, 1980, 12, 30, 5.2000000000000002, 73.700000000000003, 11.699999999999999, 6.7300000000000004, 90.540000000000006, 3);
INSERT INTO uthbaldata VALUES (1798, 1981, 1, 28, 1.6000000000000001, 255.30000000000001, 2.5, 28.140000000000001, 378.43000000000001, 3);
INSERT INTO uthbaldata VALUES (1799, 1981, 2, 31, 5, 55.600000000000001, 11.4, 53.57, 720.42999999999995, 3);
INSERT INTO uthbaldata VALUES (1800, 1981, 3, 30, 9.9000000000000004, 53.700000000000003, 35.899999999999999, 36.740000000000002, 494.10000000000002, 3);
INSERT INTO uthbaldata VALUES (1801, 1981, 4, 31, 11, 16.899999999999999, 44.399999999999999, 7.2400000000000002, 97.340000000000003, 3);
INSERT INTO uthbaldata VALUES (1802, 1981, 5, 30, 13.699999999999999, 28.5, 66.900000000000006, 10.880000000000001, 146.28999999999999, 3);
INSERT INTO uthbaldata VALUES (1803, 1981, 6, 31, 20.100000000000001, 28.600000000000001, 114.09999999999999, 2.77, 37.240000000000002, 3);
INSERT INTO uthbaldata VALUES (1804, 1981, 7, 30, 20.5, 23.399999999999999, 118.8, 2.27, 30.460000000000001, 3);
INSERT INTO uthbaldata VALUES (1805, 1981, 8, 31, 19.899999999999999, 29.899999999999999, 106.5, 1.79, 24.050000000000001, 3);
INSERT INTO uthbaldata VALUES (1806, 1981, 9, 31, 18.300000000000001, 15.199999999999999, 83.400000000000006, 6.0199999999999996, 81.019999999999996, 3);
INSERT INTO uthbaldata VALUES (1807, 1981, 10, 30, 15.6, 79.099999999999994, 61.700000000000003, 3.4900000000000002, 47, 3);
INSERT INTO uthbaldata VALUES (1808, 1981, 11, 31, 7.5, 68, 20.100000000000001, 3.9500000000000002, 53.18, 3);
INSERT INTO uthbaldata VALUES (1809, 1981, 12, 30, 6.2000000000000002, 108.2, 14.9, 5.1699999999999999, 69.469999999999999, 3);
INSERT INTO uthbaldata VALUES (1810, 1982, 1, 28, 0.20000000000000001, 37.100000000000001, 0.20000000000000001, 5.6299999999999999, 75.650000000000006, 3);
INSERT INTO uthbaldata VALUES (1811, 1982, 2, 31, 3.2000000000000002, 133.59999999999999, 6.2999999999999998, 15.07, 202.63, 3);
INSERT INTO uthbaldata VALUES (1812, 1982, 3, 30, 6.7999999999999998, 93.599999999999994, 21.5, 17.510000000000002, 235.41999999999999, 3);
INSERT INTO uthbaldata VALUES (1813, 1982, 4, 31, 10.1, 117.09999999999999, 39.399999999999999, 18.780000000000001, 252.59999999999999, 3);
INSERT INTO uthbaldata VALUES (1814, 1982, 5, 30, 14.199999999999999, 162.40000000000001, 70.299999999999997, 16.949999999999999, 228, 3);
INSERT INTO uthbaldata VALUES (1815, 1982, 6, 31, 18.800000000000001, 22.199999999999999, 104.3, 20.120000000000001, 270.56, 3);
INSERT INTO uthbaldata VALUES (1816, 1982, 7, 30, 20.100000000000001, 24.600000000000001, 115.90000000000001, 1.1399999999999999, 15.390000000000001, 3);
INSERT INTO uthbaldata VALUES (1817, 1982, 8, 31, 20.899999999999999, 37.200000000000003, 113.7, 2.4500000000000002, 32.939999999999998, 3);
INSERT INTO uthbaldata VALUES (1818, 1982, 9, 31, 18.5, 22.699999999999999, 84.5, 8.6300000000000008, 116.09, 3);
INSERT INTO uthbaldata VALUES (1819, 1982, 10, 30, 13.9, 111.3, 53.100000000000001, 7.96, 107.03, 3);
INSERT INTO uthbaldata VALUES (1820, 1982, 11, 31, 6.9000000000000004, 120.09999999999999, 17.899999999999999, 11.09, 149.13999999999999, 3);
INSERT INTO uthbaldata VALUES (1821, 1982, 12, 30, 6.4000000000000004, 83.700000000000003, 15.5, 9.6699999999999999, 130.00999999999999, 3);
INSERT INTO uthbaldata VALUES (1822, 1983, 1, 28, 3.7999999999999998, 42.399999999999999, 7.9000000000000004, 6.9900000000000002, 94.060000000000002, 3);
INSERT INTO uthbaldata VALUES (1823, 1983, 2, 31, 3.7999999999999998, 76, 8, 4.71, 63.399999999999999, 3);
INSERT INTO uthbaldata VALUES (1824, 1983, 3, 30, 8.0999999999999996, 64.299999999999997, 27.199999999999999, 8.1899999999999995, 110.12, 3);
INSERT INTO uthbaldata VALUES (1825, 1983, 4, 31, 13.300000000000001, 25.600000000000001, 57.700000000000003, 4.3600000000000003, 58.68, 3);
INSERT INTO uthbaldata VALUES (1826, 1983, 5, 30, 17, 21.300000000000001, 90, 6.71, 90.260000000000005, 3);
INSERT INTO uthbaldata VALUES (1827, 1983, 6, 31, 18.100000000000001, 82.400000000000006, 99.099999999999994, 5.6399999999999997, 75.799999999999997, 3);
INSERT INTO uthbaldata VALUES (1828, 1983, 7, 30, 22, 93.299999999999997, 130.80000000000001, 3.7200000000000002, 50.020000000000003, 3);
INSERT INTO uthbaldata VALUES (1829, 1983, 8, 31, 20.399999999999999, 11.4, 109.90000000000001, 1.5800000000000001, 21.239999999999998, 3);
INSERT INTO uthbaldata VALUES (1830, 1983, 9, 31, 17.300000000000001, 13.9, 77.200000000000003, 6.8899999999999997, 92.599999999999994, 3);
INSERT INTO uthbaldata VALUES (1831, 1983, 10, 30, 12.4, 41.200000000000003, 45.299999999999997, 2.7200000000000002, 36.619999999999997, 3);
INSERT INTO uthbaldata VALUES (1832, 1983, 11, 31, 7.5999999999999996, 59.399999999999999, 20.399999999999999, 1.8899999999999999, 25.460000000000001, 3);
INSERT INTO uthbaldata VALUES (1833, 1983, 12, 30, 4.5, 199.09999999999999, 9.5999999999999996, 21.289999999999999, 286.32999999999998, 3);
INSERT INTO uthbaldata VALUES (1834, 1984, 1, 28, 4.4000000000000004, 34.600000000000001, 9.5999999999999996, 6.96, 93.569999999999993, 3);
INSERT INTO uthbaldata VALUES (1835, 1984, 2, 31, 0.69999999999999996, 61.299999999999997, 0.80000000000000004, 11.59, 155.91999999999999, 3);
INSERT INTO uthbaldata VALUES (1836, 1984, 3, 30, 6.5, 88.099999999999994, 20.199999999999999, 13.880000000000001, 186.63, 3);
INSERT INTO uthbaldata VALUES (1837, 1984, 4, 31, 8.5, 96.599999999999994, 31.100000000000001, 11.67, 156.96000000000001, 3);
INSERT INTO uthbaldata VALUES (1838, 1984, 5, 30, 14.4, 25.699999999999999, 71.900000000000006, 3.98, 53.590000000000003, 3);
INSERT INTO uthbaldata VALUES (1839, 1984, 6, 31, 17.5, 26.699999999999999, 94.299999999999997, 2.1499999999999999, 28.850000000000001, 3);
INSERT INTO uthbaldata VALUES (1840, 1984, 7, 30, 18.600000000000001, 8.6999999999999993, 103.90000000000001, 1.46, 19.579999999999998, 3);
INSERT INTO uthbaldata VALUES (1841, 1984, 8, 31, 18, 35.299999999999997, 92.799999999999997, 1.01, 13.619999999999999, 3);
INSERT INTO uthbaldata VALUES (1842, 1984, 9, 31, 16.5, 10.6, 72.099999999999994, 2.98, 40.090000000000003, 3);
INSERT INTO uthbaldata VALUES (1843, 1984, 10, 30, 14.300000000000001, 49.399999999999999, 55.200000000000003, 2.0099999999999998, 27.02, 3);
INSERT INTO uthbaldata VALUES (1844, 1984, 11, 31, 7.2999999999999998, 91, 19.300000000000001, 1.78, 23.98, 3);
INSERT INTO uthbaldata VALUES (1845, 1984, 12, 30, 3.6000000000000001, 122, 7.2000000000000002, 7.8899999999999997, 106.15000000000001, 3);
INSERT INTO uthbaldata VALUES (1846, 1985, 1, 28, 3.7000000000000002, 100.59999999999999, 7.5, 6.9299999999999997, 93.170000000000002, 3);
INSERT INTO uthbaldata VALUES (1847, 1985, 2, 31, 1.8, 30.800000000000001, 2.8999999999999999, 5.1699999999999999, 69.590000000000003, 3);
INSERT INTO uthbaldata VALUES (1848, 1985, 3, 30, 6.2999999999999998, 73.200000000000003, 19.399999999999999, NULL, NULL, 3);
INSERT INTO uthbaldata VALUES (1849, 1985, 4, 31, 11.699999999999999, 35.600000000000001, 48.100000000000001, 7.9800000000000004, 107.25, 3);
INSERT INTO uthbaldata VALUES (1850, 1985, 5, 30, 16.399999999999999, 30.699999999999999, 85.900000000000006, 0.63, 8.4700000000000006, 3);
INSERT INTO uthbaldata VALUES (1851, 1985, 6, 31, 18.699999999999999, 19.800000000000001, 103, 4.8399999999999999, 65.090000000000003, 3);
INSERT INTO uthbaldata VALUES (1852, 1985, 7, 30, 19.699999999999999, 11.9, 112.40000000000001, 0.56000000000000005, 7.5800000000000001, 3);
INSERT INTO uthbaldata VALUES (1853, 1985, 8, 31, 20.100000000000001, 8.0999999999999996, 108.2, 0.81000000000000005, 10.83, 3);
INSERT INTO uthbaldata VALUES (1854, 1985, 9, 31, 16.100000000000001, 14.199999999999999, 69.900000000000006, 1.04, 14.039999999999999, 3);
INSERT INTO uthbaldata VALUES (1855, 1985, 10, 30, 10.199999999999999, 94.700000000000003, 34.600000000000001, 3.04, 40.899999999999999, 3);
INSERT INTO uthbaldata VALUES (1856, 1985, 11, 31, 8.5, 161.90000000000001, 23.699999999999999, 7.79, 104.70999999999999, 3);
INSERT INTO uthbaldata VALUES (1857, 1985, 12, 30, 5.4000000000000004, 41.899999999999999, 12.300000000000001, 5.8200000000000003, 78.280000000000001, 3);
INSERT INTO uthbaldata VALUES (1858, 1986, 1, 28, 4.4000000000000004, 47.899999999999999, 9.5999999999999996, 2.8500000000000001, 38.340000000000003, 3);
INSERT INTO uthbaldata VALUES (1859, 1986, 2, 31, 5.0999999999999996, 101.3, 12, 3.7200000000000002, 50.060000000000002, 3);
INSERT INTO uthbaldata VALUES (1860, 1986, 3, 30, 6.4000000000000004, 47.799999999999997, 19.899999999999999, 4.5599999999999996, 61.310000000000002, 3);
INSERT INTO uthbaldata VALUES (1861, 1986, 4, 31, 11.199999999999999, 18.699999999999999, 45.600000000000001, 3.2599999999999998, 43.869999999999997, 3);
INSERT INTO uthbaldata VALUES (1862, 1986, 5, 30, 13.800000000000001, 58.600000000000001, 67.700000000000003, 3.2799999999999998, 44.119999999999997, 3);
INSERT INTO uthbaldata VALUES (1863, 1986, 6, 31, 18.199999999999999, 55.5, 99.299999999999997, 10.109999999999999, 136, 3);
INSERT INTO uthbaldata VALUES (1864, 1986, 7, 30, 19.199999999999999, 17.300000000000001, 108.59999999999999, 0.67000000000000004, 8.9600000000000009, 3);
INSERT INTO uthbaldata VALUES (1865, 1986, 8, 31, 20, 23.199999999999999, 107.40000000000001, 0.73999999999999999, 9.9100000000000001, 3);
INSERT INTO uthbaldata VALUES (1866, 1986, 9, 31, 16.300000000000001, 17.300000000000001, 71, 3.6800000000000002, 49.549999999999997, 3);
INSERT INTO uthbaldata VALUES (1867, 1986, 10, 30, 11.300000000000001, 137, 40, 5.0599999999999996, 68.069999999999993, 3);
INSERT INTO uthbaldata VALUES (1868, 1986, 11, 31, 5.9000000000000004, 75.299999999999997, 14.5, 9.0199999999999996, 121.26000000000001, 3);
INSERT INTO uthbaldata VALUES (1869, 1986, 12, 30, 1, 53.600000000000001, 1.2, 1.98, 26.600000000000001, 3);
INSERT INTO uthbaldata VALUES (1870, 1987, 1, 28, 4.4000000000000004, 67.5, 9.5999999999999996, 3.0099999999999998, 40.43, 3);
INSERT INTO uthbaldata VALUES (1871, 1987, 2, 31, 4.9000000000000004, 87.400000000000006, 11.199999999999999, 3.73, 50.130000000000003, 3);
INSERT INTO uthbaldata VALUES (1872, 1987, 3, 30, 2.6000000000000001, 207, 5.7000000000000002, 42.659999999999997, 573.70000000000005, 3);
INSERT INTO uthbaldata VALUES (1873, 1987, 4, 31, 10, 131.40000000000001, 38.899999999999999, 50.340000000000003, 677.00999999999999, 3);
INSERT INTO uthbaldata VALUES (1874, 1987, 5, 30, 13, 38.799999999999997, 62.399999999999999, 7.9199999999999999, 106.54000000000001, 3);
INSERT INTO uthbaldata VALUES (1875, 1987, 6, 31, 17.800000000000001, 10.9, 96.700000000000003, 2.0499999999999998, 27.530000000000001, 3);
INSERT INTO uthbaldata VALUES (1876, 1987, 7, 30, 20.5, 7.5999999999999996, 118.59999999999999, 0.73999999999999999, 10.01, 3);
INSERT INTO uthbaldata VALUES (1877, 1987, 8, 31, 19.100000000000001, 20.199999999999999, 101, 0.72999999999999998, 9.8000000000000007, 3);
INSERT INTO uthbaldata VALUES (1878, 1987, 9, 31, 17.800000000000001, 8.1999999999999993, 80.099999999999994, 1.23, 16.559999999999999, 3);
INSERT INTO uthbaldata VALUES (1879, 1987, 10, 30, 10.800000000000001, 110.90000000000001, 37.700000000000003, 5.8899999999999997, 79.219999999999999, 3);
INSERT INTO uthbaldata VALUES (1880, 1987, 11, 31, 6.5999999999999996, 126.5, 16.899999999999999, 3.52, 47.390000000000001, 3);
INSERT INTO uthbaldata VALUES (1881, 1987, 12, 30, 4.2000000000000002, 75.599999999999994, 8.6999999999999993, 5.0800000000000001, 68.299999999999997, 3);
INSERT INTO uthbaldata VALUES (1882, 1988, 1, 28, 4.5999999999999996, 50.799999999999997, 10.199999999999999, 3.8100000000000001, 51.289999999999999, 3);
INSERT INTO uthbaldata VALUES (1883, 1988, 2, 31, 4, 63.5, 8.5, 4.0300000000000002, 54.18, 3);
INSERT INTO uthbaldata VALUES (1884, 1988, 3, 30, 6.2000000000000002, 77.900000000000006, 19, 4.8399999999999999, 65.090000000000003, 3);
INSERT INTO uthbaldata VALUES (1885, 1988, 4, 31, 9.9000000000000004, 34.5, 38.299999999999997, 3.8599999999999999, 51.869999999999997, 3);
INSERT INTO uthbaldata VALUES (1886, 1988, 5, 30, 14.699999999999999, 26.600000000000001, 73.799999999999997, 0.88, 11.859999999999999, 3);
INSERT INTO uthbaldata VALUES (1887, 1988, 6, 31, 19, 17.800000000000001, 105.40000000000001, 0.98999999999999999, 13.300000000000001, 3);
INSERT INTO uthbaldata VALUES (1888, 1988, 7, 30, 21.800000000000001, 4.5999999999999996, 129.5, 0.82999999999999996, 11.140000000000001, 3);
INSERT INTO uthbaldata VALUES (1889, 1988, 8, 31, 20.199999999999999, 9.5999999999999996, 108.59999999999999, NULL, NULL, 3);
INSERT INTO uthbaldata VALUES (1890, 1988, 9, 31, 16.800000000000001, 11.800000000000001, 74, NULL, NULL, 3);
INSERT INTO uthbaldata VALUES (1891, 1988, 10, 30, 11.699999999999999, 72.299999999999997, 41.700000000000003, 0.87, 11.75, 3);
INSERT INTO uthbaldata VALUES (1892, 1988, 11, 31, 4.5, 123, 10, 1.05, 14.16, 3);
INSERT INTO uthbaldata VALUES (1893, 1988, 12, 30, 1.7, 130.5, 2.7000000000000002, 1.02, 13.75, 3);
INSERT INTO uthbaldata VALUES (1894, 1989, 1, 28, 1.5, 24.600000000000001, 2.2000000000000002, 34.659999999999997, 466.13999999999999, 3);
INSERT INTO uthbaldata VALUES (1895, 1989, 2, 31, 5.2999999999999998, 24.100000000000001, 12.5, 0.76000000000000001, 10.24, 3);
INSERT INTO uthbaldata VALUES (1896, 1989, 3, 30, 8.3000000000000007, 128, 27.899999999999999, 0.89000000000000001, 11.94, 3);
INSERT INTO uthbaldata VALUES (1897, 1989, 4, 31, 12.6, 26.699999999999999, 53.100000000000001, 0.80000000000000004, 10.710000000000001, 3);
INSERT INTO uthbaldata VALUES (1898, 1989, 5, 30, 14, 54.200000000000003, 69.099999999999994, 1.1200000000000001, 15.02, 3);
INSERT INTO uthbaldata VALUES (1899, 1989, 6, 31, 18.5, 31.5, 102, NULL, NULL, 3);
INSERT INTO uthbaldata VALUES (1900, 1989, 7, 30, 20.399999999999999, 46.799999999999997, 118, NULL, NULL, 3);
INSERT INTO uthbaldata VALUES (1901, 1989, 8, 31, 21.100000000000001, 21.899999999999999, 115.3, NULL, NULL, 3);
INSERT INTO uthbaldata VALUES (1902, 1989, 9, 31, 17.100000000000001, 16.5, 76, NULL, NULL, 3);
INSERT INTO uthbaldata VALUES (1903, 1989, 10, 30, 11.6, 76.900000000000006, 41.299999999999997, NULL, NULL, 3);
INSERT INTO uthbaldata VALUES (1904, 1989, 11, 31, 7.5999999999999996, 61.399999999999999, 20.399999999999999, NULL, NULL, 3);
INSERT INTO uthbaldata VALUES (1905, 1989, 12, 30, 3.1000000000000001, 119.40000000000001, 5.7999999999999998, NULL, NULL, 3);
INSERT INTO uthbaldata VALUES (1906, 1990, 1, 28, 1.8999999999999999, 22.800000000000001, 3.1000000000000001, NULL, NULL, 3);
INSERT INTO uthbaldata VALUES (1907, 1990, 2, 31, 5.7999999999999998, 30.399999999999999, 14.199999999999999, NULL, NULL, 3);
INSERT INTO uthbaldata VALUES (1908, 1990, 3, 30, 8.9000000000000004, 34.200000000000003, 30.899999999999999, NULL, NULL, 3);
INSERT INTO uthbaldata VALUES (1909, 1990, 4, 31, 11.9, 32.299999999999997, 49.299999999999997, NULL, NULL, 3);
INSERT INTO uthbaldata VALUES (1910, 1990, 5, 30, 15.4, 51, 79, NULL, NULL, 3);
INSERT INTO uthbaldata VALUES (1911, 1990, 6, 31, 19.5, 32.100000000000001, 109.09999999999999, NULL, NULL, 3);
INSERT INTO uthbaldata VALUES (1912, 1990, 7, 30, 21.300000000000001, 50.399999999999999, 125.40000000000001, NULL, NULL, 3);
INSERT INTO uthbaldata VALUES (1913, 1990, 8, 31, 20, 68.700000000000003, 107.2, NULL, NULL, 3);
INSERT INTO uthbaldata VALUES (1914, 1990, 9, 31, 17.399999999999999, 25.100000000000001, 78, NULL, NULL, 3);
INSERT INTO uthbaldata VALUES (1915, 1990, 10, 30, 14.4, 52.700000000000003, 55.600000000000001, NULL, NULL, 3);
INSERT INTO uthbaldata VALUES (1916, 1990, 11, 31, 12, 98.299999999999997, 37.799999999999997, NULL, NULL, 3);
INSERT INTO uthbaldata VALUES (1917, 1990, 12, 30, 6.9000000000000004, 140.69999999999999, 17.199999999999999, NULL, NULL, 3);
INSERT INTO uthbaldata VALUES (1918, 1991, 1, 28, 4.2000000000000002, 83.700000000000003, 9.0999999999999996, NULL, NULL, 3);
INSERT INTO uthbaldata VALUES (1919, 1991, 2, 31, 5.5999999999999996, 70, 13.5, NULL, NULL, 3);
INSERT INTO uthbaldata VALUES (1920, 1991, 3, 30, 10.300000000000001, 72.299999999999997, 37.700000000000003, NULL, NULL, 3);
INSERT INTO uthbaldata VALUES (1921, 1991, 4, 31, 10.800000000000001, 110, 43.200000000000003, NULL, NULL, 3);
INSERT INTO uthbaldata VALUES (1922, 1991, 5, 30, 15.699999999999999, 92.599999999999994, 81.099999999999994, 1.77, 23.800000000000001, 3);
INSERT INTO uthbaldata VALUES (1923, 1991, 6, 31, 22.199999999999999, 14.5, 130.59999999999999, 0.96999999999999997, 13.050000000000001, 3);
INSERT INTO uthbaldata VALUES (1924, 1991, 7, 30, 21.899999999999999, 47.899999999999999, 129.90000000000001, NULL, NULL, 3);
INSERT INTO uthbaldata VALUES (1925, 1991, 8, 31, 22.100000000000001, 39.200000000000003, 122.90000000000001, NULL, NULL, 3);
INSERT INTO uthbaldata VALUES (1926, 1991, 9, 31, 18.800000000000001, 49, 86.5, 3.6499999999999999, 49.149999999999999, 3);
INSERT INTO uthbaldata VALUES (1927, 1991, 10, 30, 16, 52.200000000000003, 63.799999999999997, 1.8799999999999999, 25.34, 3);
INSERT INTO uthbaldata VALUES (1928, 1991, 11, 31, 10.199999999999999, 87.599999999999994, 30.300000000000001, 2.6899999999999999, 36.149999999999999, 3);
INSERT INTO uthbaldata VALUES (1929, 1991, 12, 30, 3.5, 90.400000000000006, 6.7999999999999998, 2.9199999999999999, 39.289999999999999, 3);
INSERT INTO uthbaldata VALUES (1930, 1992, 1, 28, 4.2999999999999998, 28.600000000000001, 9.3000000000000007, 1.1100000000000001, 14.859999999999999, 3);
INSERT INTO uthbaldata VALUES (1931, 1992, 2, 31, 5, 48.799999999999997, 11.6, 0.68999999999999995, 9.3300000000000001, 3);
INSERT INTO uthbaldata VALUES (1932, 1992, 3, 30, 8.9000000000000004, 60.799999999999997, 31, 0.87, 11.710000000000001, 3);
INSERT INTO uthbaldata VALUES (1933, 1992, 4, 31, 13.4, 95.900000000000006, 57.700000000000003, 1.01, 13.6, 3);
INSERT INTO uthbaldata VALUES (1934, 1992, 5, 30, 16.199999999999999, 63.799999999999997, 84.5, 1, 13.48, 3);
INSERT INTO uthbaldata VALUES (1935, 1992, 6, 31, 21.899999999999999, 63.799999999999997, 127.8, 0.73999999999999999, 9.8900000000000006, 3);
INSERT INTO uthbaldata VALUES (1936, 1992, 7, 30, 22.399999999999999, 40.899999999999999, 133.80000000000001, NULL, NULL, 3);
INSERT INTO uthbaldata VALUES (1937, 1992, 8, 31, 23.5, 6.0999999999999996, 133.90000000000001, NULL, NULL, 3);
INSERT INTO uthbaldata VALUES (1938, 1992, 9, 31, 18.899999999999999, 4.9000000000000004, 86.900000000000006, NULL, NULL, 3);
INSERT INTO uthbaldata VALUES (1939, 1992, 10, 30, 17.399999999999999, 61.299999999999997, 71.700000000000003, NULL, NULL, 3);
INSERT INTO uthbaldata VALUES (1940, 1992, 11, 31, 10.800000000000001, 70.200000000000003, 32.799999999999997, NULL, NULL, 3);
INSERT INTO uthbaldata VALUES (1941, 1992, 12, 30, 5.7000000000000002, 94.099999999999994, 13.199999999999999, NULL, NULL, 3);
INSERT INTO uthbaldata VALUES (1942, 1993, 1, 28, 5.0999999999999996, 59.200000000000003, 11.699999999999999, NULL, NULL, 3);
INSERT INTO uthbaldata VALUES (1943, 1993, 2, 31, 4.5, 75.200000000000003, 10, 0.97999999999999998, 13.24, 3);
INSERT INTO uthbaldata VALUES (1944, 1993, 3, 30, 9.9000000000000004, 60, 35.600000000000001, 1.01, 13.619999999999999, 3);
INSERT INTO uthbaldata VALUES (1945, 1993, 4, 31, 13.5, 33.399999999999999, 58.600000000000001, 0.94999999999999996, 12.81, 3);
INSERT INTO uthbaldata VALUES (1946, 1993, 5, 30, 16, 88.5, 82.599999999999994, 1.27, 17.140000000000001, 3);
INSERT INTO uthbaldata VALUES (1947, 1993, 6, 31, 22.5, 5.7999999999999998, 133.19999999999999, NULL, NULL, 3);
INSERT INTO uthbaldata VALUES (1948, 1993, 7, 30, 23.899999999999999, 4.2000000000000002, 146.80000000000001, NULL, NULL, 3);
INSERT INTO uthbaldata VALUES (1949, 1993, 8, 31, 23.699999999999999, 16.399999999999999, 135, NULL, NULL, 3);
INSERT INTO uthbaldata VALUES (1950, 1993, 9, 31, 20.199999999999999, 8.0999999999999996, 95.099999999999994, NULL, NULL, 3);
INSERT INTO uthbaldata VALUES (1951, 1993, 10, 30, 17.699999999999999, 29, 73.299999999999997, NULL, NULL, 3);
INSERT INTO uthbaldata VALUES (1952, 1993, 11, 31, 9.5, 146.59999999999999, 27.399999999999999, NULL, NULL, 3);
INSERT INTO uthbaldata VALUES (1953, 1993, 12, 30, 5.2999999999999998, 53.600000000000001, 12, NULL, NULL, 3);
INSERT INTO uthbaldata VALUES (1954, 1994, 1, 28, 4.5999999999999996, 120.59999999999999, 10.300000000000001, NULL, NULL, 3);
INSERT INTO uthbaldata VALUES (1955, 1994, 2, 31, 4.2000000000000002, 106.8, 9, 3.6699999999999999, 49.299999999999997, 3);
INSERT INTO uthbaldata VALUES (1956, 1994, 3, 30, 7.9000000000000004, 47.5, 26.5, 1.1799999999999999, 15.869999999999999, 3);
INSERT INTO uthbaldata VALUES (1957, 1994, 4, 31, 12.300000000000001, 64.799999999999997, 51.600000000000001, 0.83999999999999997, 11.34, 3);
INSERT INTO uthbaldata VALUES (1958, 1994, 5, 30, 14.699999999999999, 79.5, 74, NULL, NULL, 3);
INSERT INTO uthbaldata VALUES (1959, 1994, 6, 31, 17.899999999999999, 4.7999999999999998, 97, NULL, NULL, 3);
INSERT INTO uthbaldata VALUES (1960, 1994, 7, 30, 18.899999999999999, 33.700000000000003, 106.7, NULL, NULL, 3);
INSERT INTO uthbaldata VALUES (1961, 1994, 8, 31, 19.600000000000001, 16.300000000000001, 104.59999999999999, NULL, NULL, 3);
INSERT INTO uthbaldata VALUES (1962, 1994, 9, 31, 18, 6, 81.5, NULL, NULL, 3);
INSERT INTO uthbaldata VALUES (1963, 1994, 10, 30, 15.300000000000001, 220.30000000000001, 60.200000000000003, 4.0599999999999996, 54.619999999999997, 3);
INSERT INTO uthbaldata VALUES (1964, 1994, 11, 31, 9.5, 93.700000000000003, 27.600000000000001, 2, 26.949999999999999, 3);
INSERT INTO uthbaldata VALUES (1965, 1994, 12, 30, 6, 67.5, 14.4, 0.66000000000000003, 8.8800000000000008, 3);
INSERT INTO uthbaldata VALUES (1966, 1995, 1, 28, 6.7999999999999998, 104, 17.399999999999999, 0.66000000000000003, 8.8800000000000008, 3);
INSERT INTO uthbaldata VALUES (1967, 1995, 2, 31, 9.1999999999999993, 21.199999999999999, 26.199999999999999, NULL, NULL, 3);
INSERT INTO uthbaldata VALUES (1968, 1995, 3, 30, 10.1, 101.8, 36.799999999999997, 0.55000000000000004, 7.4000000000000004, 3);
INSERT INTO uthbaldata VALUES (1969, 1995, 4, 31, 13, 36, 55.399999999999999, 1.1100000000000001, 14.9, 3);
INSERT INTO uthbaldata VALUES (1970, 1995, 5, 30, 18.199999999999999, 23.600000000000001, 98.799999999999997, NULL, NULL, 3);
INSERT INTO uthbaldata VALUES (1971, 1995, 6, 31, 23.600000000000001, 40.100000000000001, 141.5, NULL, NULL, 3);
INSERT INTO uthbaldata VALUES (1972, 1995, 7, 30, 23.399999999999999, 66, 142.40000000000001, NULL, NULL, 3);
INSERT INTO uthbaldata VALUES (1973, 1995, 8, 31, 22.399999999999999, 19.100000000000001, 125.40000000000001, NULL, NULL, 3);
INSERT INTO uthbaldata VALUES (1974, 1995, 9, 31, 19.600000000000001, 35.799999999999997, 91.700000000000003, NULL, NULL, 3);
INSERT INTO uthbaldata VALUES (1975, 1995, 10, 30, 13.5, 47.399999999999999, 50.799999999999997, NULL, NULL, 3);
INSERT INTO uthbaldata VALUES (1976, 1995, 11, 31, 8.4000000000000004, 61.700000000000003, 23.199999999999999, NULL, NULL, 3);
INSERT INTO uthbaldata VALUES (1977, 1995, 12, 30, 9.4000000000000004, 132.5, 26.199999999999999, 3.0600000000000001, 41.130000000000003, 3);
INSERT INTO uthbaldata VALUES (1978, 1996, 1, 28, 6, 97.900000000000006, 14.699999999999999, 1.3600000000000001, 18.260000000000002, 3);
INSERT INTO uthbaldata VALUES (1979, 1996, 2, 31, 6.9000000000000004, 99.799999999999997, 17.899999999999999, 1.6899999999999999, 22.739999999999998, 3);
INSERT INTO uthbaldata VALUES (1980, 1996, 3, 30, 6.9000000000000004, 84.099999999999994, 22, 4.9500000000000002, 66.540000000000006, 3);
INSERT INTO uthbaldata VALUES (1981, 1996, 4, 31, 12.1, 31.5, 50.5, 5.3200000000000003, 71.510000000000005, 3);
INSERT INTO uthbaldata VALUES (1982, 1996, 5, 30, 17, 52.700000000000003, 90.099999999999994, 1.6000000000000001, 21.5, 3);
INSERT INTO uthbaldata VALUES (1983, 1996, 6, 31, 22.600000000000001, 7.2999999999999998, 133.90000000000001, 1.3400000000000001, 18.07, 3);
INSERT INTO uthbaldata VALUES (1984, 1996, 7, 30, 23.399999999999999, 18.399999999999999, 142, NULL, NULL, 3);
INSERT INTO uthbaldata VALUES (1985, 1996, 8, 31, 23.199999999999999, 27.199999999999999, 131.5, NULL, NULL, 3);
INSERT INTO uthbaldata VALUES (1986, 1996, 9, 31, 19, 65.799999999999997, 87.400000000000006, NULL, NULL, 3);
INSERT INTO uthbaldata VALUES (1987, 1996, 10, 30, 13.4, 122.8, 50.600000000000001, NULL, NULL, 3);
INSERT INTO uthbaldata VALUES (1988, 1996, 11, 31, 11, 54.5, 33.5, NULL, NULL, 3);
INSERT INTO uthbaldata VALUES (1989, 1996, 12, 30, 7.5, 102.8, 19.300000000000001, NULL, NULL, 3);
INSERT INTO uthbaldata VALUES (1990, 1997, 1, 28, 6.5, 78.099999999999994, 16.399999999999999, 8.2799999999999994, 111.38, 3);
INSERT INTO uthbaldata VALUES (1991, 1997, 2, 31, 7.5, 46.299999999999997, 20.100000000000001, 0.78000000000000003, 10.539999999999999, 3);
INSERT INTO uthbaldata VALUES (1992, 1997, 3, 30, 9, 76.400000000000006, 31.5, 8.3599999999999994, 112.48999999999999, 3);
INSERT INTO uthbaldata VALUES (1993, 1997, 4, 31, 10.4, 74.200000000000003, 41, 5.9699999999999998, 80.349999999999994, 3);
INSERT INTO uthbaldata VALUES (1994, 1997, 5, 30, 18.399999999999999, 38.799999999999997, 100.40000000000001, NULL, NULL, 3);
INSERT INTO uthbaldata VALUES (1995, 1997, 6, 31, 21.899999999999999, 28.399999999999999, 127.8, 1.24, 16.690000000000001, 3);
INSERT INTO uthbaldata VALUES (1996, 1997, 7, 30, 23.399999999999999, 11.4, 142.69999999999999, NULL, NULL, 3);
INSERT INTO uthbaldata VALUES (1997, 1997, 8, 31, 21.399999999999999, 44.5, 117.5, NULL, NULL, 3);
INSERT INTO uthbaldata VALUES (1998, 1997, 9, 31, 17.399999999999999, 8.5, 77.799999999999997, NULL, NULL, 3);
INSERT INTO uthbaldata VALUES (1999, 1997, 10, 30, 13, 103.8, 48.5, NULL, NULL, 3);
INSERT INTO uthbaldata VALUES (2000, 1997, 11, 31, 9.5999999999999996, 56.799999999999997, 27.699999999999999, NULL, NULL, 3);
INSERT INTO uthbaldata VALUES (2001, 1997, 12, 30, 5.5999999999999996, 117.3, 13, NULL, NULL, 3);
INSERT INTO uthbaldata VALUES (2002, 1998, 1, 28, 4.7000000000000002, 46.600000000000001, 10.699999999999999, NULL, NULL, 3);
INSERT INTO uthbaldata VALUES (2003, 1998, 2, 31, 8, 98.599999999999994, 22, NULL, NULL, 3);
INSERT INTO uthbaldata VALUES (2004, 1998, 3, 30, 8, 86.400000000000006, 26.5, NULL, NULL, 3);
INSERT INTO uthbaldata VALUES (2005, 1998, 4, 31, 14.5, 21.800000000000001, 64.599999999999994, NULL, NULL, 3);
INSERT INTO uthbaldata VALUES (2006, 1998, 5, 30, 17.399999999999999, 129.80000000000001, 93.099999999999994, 4.5099999999999998, 60.609999999999999, 3);
INSERT INTO uthbaldata VALUES (2007, 1998, 6, 31, 22.899999999999999, 14.6, 136.30000000000001, NULL, NULL, 3);
INSERT INTO uthbaldata VALUES (2008, 1998, 7, 30, 24.699999999999999, 7.2000000000000002, 153.59999999999999, NULL, NULL, 3);
INSERT INTO uthbaldata VALUES (2009, 1998, 8, 31, 24.699999999999999, 14.1, 142.59999999999999, NULL, NULL, 3);
INSERT INTO uthbaldata VALUES (2010, 1998, 9, 31, 19.699999999999999, 39.399999999999999, 92.299999999999997, NULL, NULL, 3);
INSERT INTO uthbaldata VALUES (2011, 1998, 10, 30, 16.100000000000001, 48.700000000000003, 64.799999999999997, NULL, NULL, 3);
INSERT INTO uthbaldata VALUES (2012, 1998, 11, 31, 10.9, 163.69999999999999, 33.200000000000003, NULL, NULL, 3);
INSERT INTO uthbaldata VALUES (2013, 1998, 12, 30, 5.5999999999999996, 110.5, 13.199999999999999, 3.6299999999999999, 48.770000000000003, 3);
INSERT INTO uthbaldata VALUES (2014, 1999, 1, 28, 6.5999999999999996, 91.599999999999994, 16.699999999999999, 2.4300000000000002, 32.689999999999998, 3);
INSERT INTO uthbaldata VALUES (2015, 1999, 2, 31, 4.7000000000000002, 80.5, 10.6, 4.8799999999999999, 65.609999999999999, 3);
INSERT INTO uthbaldata VALUES (2016, 1999, 3, 30, 8.3000000000000007, 116.5, 27.899999999999999, 9.0899999999999999, 122.25, 3);
INSERT INTO uthbaldata VALUES (2017, 1999, 4, 31, 12.699999999999999, 45, 54.100000000000001, 6.7199999999999998, 90.329999999999998, 3);
INSERT INTO uthbaldata VALUES (2018, 1999, 5, 30, 18, 25, 97.400000000000006, NULL, NULL, 3);
INSERT INTO uthbaldata VALUES (2019, 1999, 6, 31, 23, 11.800000000000001, 137.09999999999999, NULL, NULL, 3);
INSERT INTO uthbaldata VALUES (2020, 1999, 7, 30, 22.300000000000001, 12.199999999999999, 133.40000000000001, NULL, NULL, 3);
INSERT INTO uthbaldata VALUES (2021, 1999, 8, 31, 25.100000000000001, 15.300000000000001, 145.80000000000001, NULL, NULL, 3);
INSERT INTO uthbaldata VALUES (2022, 1999, 9, 31, 20.199999999999999, 45.100000000000001, 95.5, NULL, NULL, 3);
INSERT INTO uthbaldata VALUES (2023, 1999, 10, 30, 16.800000000000001, 122.59999999999999, 68.400000000000006, NULL, NULL, 3);
INSERT INTO uthbaldata VALUES (2024, 1999, 11, 31, 11.1, 107.09999999999999, 33.799999999999997, NULL, NULL, 3);
INSERT INTO uthbaldata VALUES (2025, 1999, 12, 30, 8.3000000000000007, 94.099999999999994, 22.300000000000001, NULL, NULL, 3);
INSERT INTO uthbaldata VALUES (2026, 2000, 1, 28, 3.2999999999999998, 58.5, 6.7000000000000002, 4.8700000000000001, 65.530000000000001, 3);
INSERT INTO uthbaldata VALUES (2027, 2000, 2, 31, 7.5, 79.900000000000006, 20.100000000000001, 3.8900000000000001, 52.340000000000003, 3);
INSERT INTO uthbaldata VALUES (2028, 2000, 3, 30, 9.0999999999999996, 61.5, 31.899999999999999, 3.0299999999999998, 40.719999999999999, 3);
INSERT INTO uthbaldata VALUES (2029, 2000, 4, 31, 15.199999999999999, 30, 68.599999999999994, 3.29, 44.310000000000002, 3);
INSERT INTO uthbaldata VALUES (2030, 2000, 5, 30, 19.100000000000001, 44.100000000000001, 105.09999999999999, 1.76, 23.670000000000002, 3);
INSERT INTO uthbaldata VALUES (2031, 2000, 6, 31, 22.600000000000001, 18.199999999999999, 133.40000000000001, NULL, NULL, 3);
INSERT INTO uthbaldata VALUES (2032, 2000, 7, 30, 24.899999999999999, 9.4000000000000004, 155.19999999999999, NULL, NULL, 3);
INSERT INTO uthbaldata VALUES (2033, 2000, 8, 31, 23.600000000000001, 12.300000000000001, 134.5, NULL, NULL, 3);
INSERT INTO uthbaldata VALUES (2034, 2000, 9, 31, 20.199999999999999, 33.799999999999997, 95.5, NULL, NULL, 3);
INSERT INTO uthbaldata VALUES (2035, 2000, 10, 30, 15.199999999999999, 100.5, 59.700000000000003, NULL, NULL, 3);
INSERT INTO uthbaldata VALUES (2036, 2000, 11, 31, 13, 56.700000000000003, 41.899999999999999, NULL, NULL, 3);
INSERT INTO uthbaldata VALUES (2037, 2000, 12, 30, 7.7000000000000002, 64.299999999999997, 20.199999999999999, NULL, NULL, 3);
INSERT INTO uthbaldata VALUES (2038, 2001, 1, 28, 7.2000000000000002, 99.799999999999997, 18.800000000000001, NULL, NULL, 3);
INSERT INTO uthbaldata VALUES (2039, 2001, 2, 31, 8.6999999999999993, 49.600000000000001, 24.199999999999999, 0.62, 8.2799999999999994, 3);
INSERT INTO uthbaldata VALUES (2040, 2001, 3, 30, 14, 40.5, 57.399999999999999, 0.92000000000000004, 12.380000000000001, 3);
INSERT INTO uthbaldata VALUES (2041, 2001, 4, 31, 13.699999999999999, 87, 59.600000000000001, 2.9500000000000002, 39.659999999999997, 3);
INSERT INTO uthbaldata VALUES (2042, 2001, 5, 30, 17.800000000000001, 103.09999999999999, 96.099999999999994, 2.9900000000000002, 40.270000000000003, 3);
INSERT INTO uthbaldata VALUES (2043, 2001, 6, 31, 22.300000000000001, 25, 131.09999999999999, NULL, NULL, 3);
INSERT INTO uthbaldata VALUES (2044, 2001, 7, 30, 25, 25.800000000000001, 155.5, NULL, NULL, 3);
INSERT INTO uthbaldata VALUES (2045, 2001, 8, 31, 22.800000000000001, 29.699999999999999, 128, NULL, NULL, 3);
INSERT INTO uthbaldata VALUES (2046, 2001, 9, 31, 18.5, 8.5999999999999996, 84.700000000000003, NULL, NULL, 3);
INSERT INTO uthbaldata VALUES (2047, 2001, 10, 30, 15.4, 35.399999999999999, 61, NULL, NULL, 3);
INSERT INTO uthbaldata VALUES (2048, 2001, 11, 31, 8.0999999999999996, 65.700000000000003, 22, NULL, NULL, 3);
INSERT INTO uthbaldata VALUES (2049, 2001, 12, 30, 1.7, 157.30000000000001, 2.7000000000000002, NULL, NULL, 3);
INSERT INTO uthbaldata VALUES (2050, 2002, 1, 28, 3, 49.5, 5.7000000000000002, NULL, NULL, 3);
INSERT INTO uthbaldata VALUES (2051, 2002, 2, 31, 7.9000000000000004, 42.899999999999999, 21.300000000000001, NULL, NULL, 3);
INSERT INTO uthbaldata VALUES (2052, 2002, 3, 30, 9.9000000000000004, 101.7, 35.899999999999999, NULL, NULL, 3);
INSERT INTO uthbaldata VALUES (2053, 2002, 4, 31, 11.300000000000001, 79.200000000000003, 46.100000000000001, NULL, NULL, 3);
INSERT INTO uthbaldata VALUES (2054, 2002, 5, 30, 16.5, 28.300000000000001, 86.400000000000006, NULL, NULL, 3);
INSERT INTO uthbaldata VALUES (2055, 2002, 6, 31, 23.100000000000001, 9.9000000000000004, 137.30000000000001, NULL, NULL, 3);
INSERT INTO uthbaldata VALUES (2056, 2002, 7, 30, 22.800000000000001, 78.700000000000003, 137.59999999999999, NULL, NULL, 3);
INSERT INTO uthbaldata VALUES (2057, 2002, 8, 31, 21.5, 16.600000000000001, 118.5, NULL, NULL, 3);
INSERT INTO uthbaldata VALUES (2058, 2002, 9, 31, 18.100000000000001, 128.90000000000001, 82, NULL, NULL, 3);


--
-- TOC entry 4269 (class 0 OID 0)
-- Dependencies: 311
-- Name: uthbaldata_seq; Type: SEQUENCE SET; Schema: public; Owner: postgres
--

SELECT pg_catalog.setval('uthbaldata_seq', 2059, true);


--
-- TOC entry 4223 (class 0 OID 18645)
-- Dependencies: 313
-- Data for Name: uthbaldatatype; Type: TABLE DATA; Schema: public; Owner: postgres
--

INSERT INTO uthbaldatatype VALUES (1, 'Lumped', NULL);
INSERT INTO uthbaldatatype VALUES (2, 'Semi Distributed LOW', NULL);
INSERT INTO uthbaldatatype VALUES (3, 'Semi Distributed HIGH', NULL);


--
-- TOC entry 4224 (class 0 OID 18648)
-- Dependencies: 314
-- Data for Name: validproceduretime; Type: TABLE DATA; Schema: public; Owner: postgres
--



--
-- TOC entry 4270 (class 0 OID 0)
-- Dependencies: 315
-- Name: validproceduretimeid_seq; Type: SEQUENCE SET; Schema: public; Owner: postgres
--

SELECT pg_catalog.setval('validproceduretimeid_seq', 1, false);


SET search_path = tiger, pg_catalog;

--
-- TOC entry 3874 (class 0 OID 17777)
-- Dependencies: 199
-- Data for Name: geocode_settings; Type: TABLE DATA; Schema: tiger; Owner: postgres
--

INSERT INTO geocode_settings VALUES ('debug_geocode_address', 'false', 'boolean', 'debug', 'outputs debug information in notice log such as queries when geocode_addresss is called if true');
INSERT INTO geocode_settings VALUES ('debug_geocode_intersection', 'false', 'boolean', 'debug', 'outputs debug information in notice log such as queries when geocode_intersection is called if true');
INSERT INTO geocode_settings VALUES ('debug_normalize_address', 'false', 'boolean', 'debug', 'outputs debug information in notice log such as queries and intermediate expressions when normalize_address is called if true');
INSERT INTO geocode_settings VALUES ('debug_reverse_geocode', 'false', 'boolean', 'debug', 'if true, outputs debug information in notice log such as queries and intermediate expressions when reverse_geocode');
INSERT INTO geocode_settings VALUES ('reverse_geocode_numbered_roads', '0', 'integer', 'rating', 'For state and county highways, 0 - no preference in name, 1 - prefer the numbered highway name, 2 - prefer local state/county name');
INSERT INTO geocode_settings VALUES ('use_pagc_address_parser', 'false', 'boolean', 'normalize', 'If set to true, will try to use the pagc_address normalizer instead of tiger built one');


--
-- TOC entry 3875 (class 0 OID 18132)
-- Dependencies: 243
-- Data for Name: pagc_gaz; Type: TABLE DATA; Schema: tiger; Owner: postgres
--



--
-- TOC entry 3876 (class 0 OID 18144)
-- Dependencies: 245
-- Data for Name: pagc_lex; Type: TABLE DATA; Schema: tiger; Owner: postgres
--



--
-- TOC entry 3877 (class 0 OID 18156)
-- Dependencies: 247
-- Data for Name: pagc_rules; Type: TABLE DATA; Schema: tiger; Owner: postgres
--



SET search_path = topology, pg_catalog;

--
-- TOC entry 3878 (class 0 OID 18316)
-- Dependencies: 253
-- Data for Name: topology; Type: TABLE DATA; Schema: topology; Owner: postgres
--



--
-- TOC entry 3879 (class 0 OID 18329)
-- Dependencies: 254
-- Data for Name: layer; Type: TABLE DATA; Schema: topology; Owner: postgres
--



SET search_path = public, pg_catalog;

--
-- TOC entry 3898 (class 2606 OID 18658)
-- Name: blobvalue_pkey; Type: CONSTRAINT; Schema: public; Owner: postgres; Tablespace: 
--

ALTER TABLE ONLY blobvalue
    ADD CONSTRAINT blobvalue_pkey PRIMARY KEY (observationid);


--
-- TOC entry 3900 (class 2606 OID 18660)
-- Name: booleanvalue_pkey; Type: CONSTRAINT; Schema: public; Owner: postgres; Tablespace: 
--

ALTER TABLE ONLY booleanvalue
    ADD CONSTRAINT booleanvalue_pkey PRIMARY KEY (observationid);


--
-- TOC entry 3902 (class 2606 OID 18662)
-- Name: categoryvalue_pkey; Type: CONSTRAINT; Schema: public; Owner: postgres; Tablespace: 
--

ALTER TABLE ONLY categoryvalue
    ADD CONSTRAINT categoryvalue_pkey PRIMARY KEY (observationid);


--
-- TOC entry 3904 (class 2606 OID 18664)
-- Name: codespace_codespace_key; Type: CONSTRAINT; Schema: public; Owner: postgres; Tablespace: 
--

ALTER TABLE ONLY codespace
    ADD CONSTRAINT codespace_codespace_key UNIQUE (codespace);


--
-- TOC entry 3906 (class 2606 OID 18666)
-- Name: codespace_pkey; Type: CONSTRAINT; Schema: public; Owner: postgres; Tablespace: 
--

ALTER TABLE ONLY codespace
    ADD CONSTRAINT codespace_pkey PRIMARY KEY (codespaceid);


--
-- TOC entry 3908 (class 2606 OID 18668)
-- Name: compositephenomenon_pkey; Type: CONSTRAINT; Schema: public; Owner: postgres; Tablespace: 
--

ALTER TABLE ONLY compositephenomenon
    ADD CONSTRAINT compositephenomenon_pkey PRIMARY KEY (childobservablepropertyid, parentobservablepropertyid);


--
-- TOC entry 3910 (class 2606 OID 18670)
-- Name: countvalue_pkey; Type: CONSTRAINT; Schema: public; Owner: postgres; Tablespace: 
--

ALTER TABLE ONLY countvalue
    ADD CONSTRAINT countvalue_pkey PRIMARY KEY (observationid);


--
-- TOC entry 3912 (class 2606 OID 18672)
-- Name: featureofinterest_identifier_key; Type: CONSTRAINT; Schema: public; Owner: postgres; Tablespace: 
--

ALTER TABLE ONLY featureofinterest
    ADD CONSTRAINT featureofinterest_identifier_key UNIQUE (identifier);


--
-- TOC entry 3914 (class 2606 OID 18676)
-- Name: featureofinterest_url_key; Type: CONSTRAINT; Schema: public; Owner: postgres; Tablespace: 
--

ALTER TABLE ONLY featureofinterest
    ADD CONSTRAINT featureofinterest_url_key UNIQUE (url);


--
-- TOC entry 3916 (class 2606 OID 27909)
-- Name: featureofinterestid; Type: CONSTRAINT; Schema: public; Owner: postgres; Tablespace: 
--

ALTER TABLE ONLY featureofinterest
    ADD CONSTRAINT featureofinterestid PRIMARY KEY (featureofinterestid);


--
-- TOC entry 3918 (class 2606 OID 18678)
-- Name: featureofinteresttype_featureofinteresttype_key; Type: CONSTRAINT; Schema: public; Owner: postgres; Tablespace: 
--

ALTER TABLE ONLY featureofinteresttype
    ADD CONSTRAINT featureofinteresttype_featureofinteresttype_key UNIQUE (featureofinteresttype);


--
-- TOC entry 3920 (class 2606 OID 18680)
-- Name: featureofinteresttype_pkey; Type: CONSTRAINT; Schema: public; Owner: postgres; Tablespace: 
--

ALTER TABLE ONLY featureofinteresttype
    ADD CONSTRAINT featureofinteresttype_pkey PRIMARY KEY (featureofinteresttypeid);


--
-- TOC entry 3922 (class 2606 OID 27911)
-- Name: featurerelation_pkey; Type: CONSTRAINT; Schema: public; Owner: postgres; Tablespace: 
--

ALTER TABLE ONLY featurerelation
    ADD CONSTRAINT featurerelation_pkey PRIMARY KEY (parentfeatureid, childfeatureid);


--
-- TOC entry 3924 (class 2606 OID 18684)
-- Name: geometryvalue_pkey; Type: CONSTRAINT; Schema: public; Owner: postgres; Tablespace: 
--

ALTER TABLE ONLY geometryvalue
    ADD CONSTRAINT geometryvalue_pkey PRIMARY KEY (observationid);


--
-- TOC entry 4028 (class 2606 OID 36093)
-- Name: hasfeatures_pkey; Type: CONSTRAINT; Schema: public; Owner: postgres; Tablespace: 
--

ALTER TABLE ONLY hasfeatures
    ADD CONSTRAINT hasfeatures_pkey PRIMARY KEY (user_id, featureofinterestid);


--
-- TOC entry 3926 (class 2606 OID 18686)
-- Name: numericvalue_pkey; Type: CONSTRAINT; Schema: public; Owner: postgres; Tablespace: 
--

ALTER TABLE ONLY numericvalue
    ADD CONSTRAINT numericvalue_pkey PRIMARY KEY (observationid);


--
-- TOC entry 3928 (class 2606 OID 18688)
-- Name: observableproperty_identifier_key; Type: CONSTRAINT; Schema: public; Owner: postgres; Tablespace: 
--

ALTER TABLE ONLY observableproperty
    ADD CONSTRAINT observableproperty_identifier_key UNIQUE (identifier);


--
-- TOC entry 3930 (class 2606 OID 18690)
-- Name: observableproperty_pkey; Type: CONSTRAINT; Schema: public; Owner: postgres; Tablespace: 
--

ALTER TABLE ONLY observableproperty
    ADD CONSTRAINT observableproperty_pkey PRIMARY KEY (observablepropertyid);


--
-- TOC entry 3933 (class 2606 OID 18692)
-- Name: observation_identifier_key; Type: CONSTRAINT; Schema: public; Owner: postgres; Tablespace: 
--

ALTER TABLE ONLY observation
    ADD CONSTRAINT observation_identifier_key UNIQUE (identifier);


--
-- TOC entry 3935 (class 2606 OID 18706)
-- Name: observation_pkey; Type: CONSTRAINT; Schema: public; Owner: postgres; Tablespace: 
--

ALTER TABLE ONLY observation
    ADD CONSTRAINT observation_pkey PRIMARY KEY (observationid);


--
-- TOC entry 3937 (class 2606 OID 18708)
-- Name: observation_seriesid_phenomenontimestart_phenomenontimeend__key; Type: CONSTRAINT; Schema: public; Owner: postgres; Tablespace: 
--

ALTER TABLE ONLY observation
    ADD CONSTRAINT observation_seriesid_phenomenontimestart_phenomenontimeend__key UNIQUE (seriesid, phenomenontimestart, phenomenontimeend, resulttime);


--
-- TOC entry 3946 (class 2606 OID 18710)
-- Name: observationconstellation_observablepropertyid_procedureid_o_key; Type: CONSTRAINT; Schema: public; Owner: postgres; Tablespace: 
--

ALTER TABLE ONLY observationconstellation
    ADD CONSTRAINT observationconstellation_observablepropertyid_procedureid_o_key UNIQUE (observablepropertyid, procedureid, offeringid);


--
-- TOC entry 3948 (class 2606 OID 18712)
-- Name: observationconstellation_pkey; Type: CONSTRAINT; Schema: public; Owner: postgres; Tablespace: 
--

ALTER TABLE ONLY observationconstellation
    ADD CONSTRAINT observationconstellation_pkey PRIMARY KEY (observationconstellationid);


--
-- TOC entry 3950 (class 2606 OID 18714)
-- Name: observationhasoffering_pkey; Type: CONSTRAINT; Schema: public; Owner: postgres; Tablespace: 
--

ALTER TABLE ONLY observationhasoffering
    ADD CONSTRAINT observationhasoffering_pkey PRIMARY KEY (observationid, offeringid);


--
-- TOC entry 3954 (class 2606 OID 18716)
-- Name: observationtype_observationtype_key; Type: CONSTRAINT; Schema: public; Owner: postgres; Tablespace: 
--

ALTER TABLE ONLY observationtype
    ADD CONSTRAINT observationtype_observationtype_key UNIQUE (observationtype);


--
-- TOC entry 3956 (class 2606 OID 18718)
-- Name: observationtype_pkey; Type: CONSTRAINT; Schema: public; Owner: postgres; Tablespace: 
--

ALTER TABLE ONLY observationtype
    ADD CONSTRAINT observationtype_pkey PRIMARY KEY (observationtypeid);


--
-- TOC entry 3958 (class 2606 OID 18720)
-- Name: offering_identifier_key; Type: CONSTRAINT; Schema: public; Owner: postgres; Tablespace: 
--

ALTER TABLE ONLY offering
    ADD CONSTRAINT offering_identifier_key UNIQUE (identifier);


--
-- TOC entry 3960 (class 2606 OID 18722)
-- Name: offering_pkey; Type: CONSTRAINT; Schema: public; Owner: postgres; Tablespace: 
--

ALTER TABLE ONLY offering
    ADD CONSTRAINT offering_pkey PRIMARY KEY (offeringid);


--
-- TOC entry 3962 (class 2606 OID 18724)
-- Name: offeringallowedfeaturetype_pkey; Type: CONSTRAINT; Schema: public; Owner: postgres; Tablespace: 
--

ALTER TABLE ONLY offeringallowedfeaturetype
    ADD CONSTRAINT offeringallowedfeaturetype_pkey PRIMARY KEY (offeringid, featureofinteresttypeid);


--
-- TOC entry 3964 (class 2606 OID 18726)
-- Name: offeringallowedobservationtype_pkey; Type: CONSTRAINT; Schema: public; Owner: postgres; Tablespace: 
--

ALTER TABLE ONLY offeringallowedobservationtype
    ADD CONSTRAINT offeringallowedobservationtype_pkey PRIMARY KEY (offeringid, observationtypeid);


--
-- TOC entry 3966 (class 2606 OID 18728)
-- Name: offeringhasrelatedfeature_pkey; Type: CONSTRAINT; Schema: public; Owner: postgres; Tablespace: 
--

ALTER TABLE ONLY offeringhasrelatedfeature
    ADD CONSTRAINT offeringhasrelatedfeature_pkey PRIMARY KEY (offeringid, relatedfeatureid);


--
-- TOC entry 3968 (class 2606 OID 18730)
-- Name: parameter_pkey; Type: CONSTRAINT; Schema: public; Owner: postgres; Tablespace: 
--

ALTER TABLE ONLY parameter
    ADD CONSTRAINT parameter_pkey PRIMARY KEY (parameterid);


--
-- TOC entry 4026 (class 2606 OID 19722)
-- Name: pk_id; Type: CONSTRAINT; Schema: public; Owner: postgres; Tablespace: 
--

ALTER TABLE ONLY enddevice
    ADD CONSTRAINT pk_id PRIMARY KEY (id);


--
-- TOC entry 4012 (class 2606 OID 18732)
-- Name: pk_user; Type: CONSTRAINT; Schema: public; Owner: postgres; Tablespace: 
--

ALTER TABLE ONLY users
    ADD CONSTRAINT pk_user PRIMARY KEY (user_id);


--
-- TOC entry 4010 (class 2606 OID 18734)
-- Name: pk_user_role; Type: CONSTRAINT; Schema: public; Owner: postgres; Tablespace: 
--

ALTER TABLE ONLY user_role
    ADD CONSTRAINT pk_user_role PRIMARY KEY (user_role_id);


--
-- TOC entry 3970 (class 2606 OID 18736)
-- Name: procedure_identifier_key; Type: CONSTRAINT; Schema: public; Owner: postgres; Tablespace: 
--

ALTER TABLE ONLY procedure
    ADD CONSTRAINT procedure_identifier_key UNIQUE (identifier);


--
-- TOC entry 3972 (class 2606 OID 18738)
-- Name: procedure_pkey; Type: CONSTRAINT; Schema: public; Owner: postgres; Tablespace: 
--

ALTER TABLE ONLY procedure
    ADD CONSTRAINT procedure_pkey PRIMARY KEY (procedureid);


--
-- TOC entry 3974 (class 2606 OID 18740)
-- Name: proceduredescriptionformat_pkey; Type: CONSTRAINT; Schema: public; Owner: postgres; Tablespace: 
--

ALTER TABLE ONLY proceduredescriptionformat
    ADD CONSTRAINT proceduredescriptionformat_pkey PRIMARY KEY (proceduredescriptionformatid);


--
-- TOC entry 3976 (class 2606 OID 18742)
-- Name: relatedfeature_pkey; Type: CONSTRAINT; Schema: public; Owner: postgres; Tablespace: 
--

ALTER TABLE ONLY relatedfeature
    ADD CONSTRAINT relatedfeature_pkey PRIMARY KEY (relatedfeatureid);


--
-- TOC entry 3978 (class 2606 OID 18744)
-- Name: relatedfeaturehasrole_pkey; Type: CONSTRAINT; Schema: public; Owner: postgres; Tablespace: 
--

ALTER TABLE ONLY relatedfeaturehasrole
    ADD CONSTRAINT relatedfeaturehasrole_pkey PRIMARY KEY (relatedfeatureid, relatedfeatureroleid);


--
-- TOC entry 3980 (class 2606 OID 18746)
-- Name: relatedfeaturerole_pkey; Type: CONSTRAINT; Schema: public; Owner: postgres; Tablespace: 
--

ALTER TABLE ONLY relatedfeaturerole
    ADD CONSTRAINT relatedfeaturerole_pkey PRIMARY KEY (relatedfeatureroleid);


--
-- TOC entry 3982 (class 2606 OID 18748)
-- Name: relatedfeaturerole_relatedfeaturerole_key; Type: CONSTRAINT; Schema: public; Owner: postgres; Tablespace: 
--

ALTER TABLE ONLY relatedfeaturerole
    ADD CONSTRAINT relatedfeaturerole_relatedfeaturerole_key UNIQUE (relatedfeaturerole);


--
-- TOC entry 3986 (class 2606 OID 18750)
-- Name: resulttemplate_pkey; Type: CONSTRAINT; Schema: public; Owner: postgres; Tablespace: 
--

ALTER TABLE ONLY resulttemplate
    ADD CONSTRAINT resulttemplate_pkey PRIMARY KEY (resulttemplateid);


--
-- TOC entry 3990 (class 2606 OID 18752)
-- Name: sensorsystem_pkey; Type: CONSTRAINT; Schema: public; Owner: postgres; Tablespace: 
--

ALTER TABLE ONLY sensorsystem
    ADD CONSTRAINT sensorsystem_pkey PRIMARY KEY (childsensorid, parentsensorid);


--
-- TOC entry 3992 (class 2606 OID 18754)
-- Name: series_featureofinterestid_observablepropertyid_procedureid_key; Type: CONSTRAINT; Schema: public; Owner: postgres; Tablespace: 
--

ALTER TABLE ONLY series
    ADD CONSTRAINT series_featureofinterestid_observablepropertyid_procedureid_key UNIQUE (featureofinterestid, observablepropertyid, procedureid);


--
-- TOC entry 3994 (class 2606 OID 18756)
-- Name: series_pkey; Type: CONSTRAINT; Schema: public; Owner: postgres; Tablespace: 
--

ALTER TABLE ONLY series
    ADD CONSTRAINT series_pkey PRIMARY KEY (seriesid);


--
-- TOC entry 4000 (class 2606 OID 18758)
-- Name: spatialfilteringprofile_pkey; Type: CONSTRAINT; Schema: public; Owner: postgres; Tablespace: 
--

ALTER TABLE ONLY spatialfilteringprofile
    ADD CONSTRAINT spatialfilteringprofile_pkey PRIMARY KEY (spatialfilteringprofileid);


--
-- TOC entry 4002 (class 2606 OID 18760)
-- Name: swedataarrayvalue_pkey; Type: CONSTRAINT; Schema: public; Owner: postgres; Tablespace: 
--

ALTER TABLE ONLY swedataarrayvalue
    ADD CONSTRAINT swedataarrayvalue_pkey PRIMARY KEY (observationid);


--
-- TOC entry 4004 (class 2606 OID 18762)
-- Name: textvalue_pkey; Type: CONSTRAINT; Schema: public; Owner: postgres; Tablespace: 
--

ALTER TABLE ONLY textvalue
    ADD CONSTRAINT textvalue_pkey PRIMARY KEY (observationid);


--
-- TOC entry 4006 (class 2606 OID 18764)
-- Name: unit_pkey; Type: CONSTRAINT; Schema: public; Owner: postgres; Tablespace: 
--

ALTER TABLE ONLY unit
    ADD CONSTRAINT unit_pkey PRIMARY KEY (unitid);


--
-- TOC entry 4008 (class 2606 OID 18766)
-- Name: unit_unit_key; Type: CONSTRAINT; Schema: public; Owner: postgres; Tablespace: 
--

ALTER TABLE ONLY unit
    ADD CONSTRAINT unit_unit_key UNIQUE (unit);


--
-- TOC entry 4030 (class 2606 OID 52497)
-- Name: userprofile_pkey; Type: CONSTRAINT; Schema: public; Owner: postgres; Tablespace: 
--

ALTER TABLE ONLY userprofile
    ADD CONSTRAINT userprofile_pkey PRIMARY KEY (user_id);


--
-- TOC entry 4015 (class 2606 OID 18768)
-- Name: uthbaldata_pkey; Type: CONSTRAINT; Schema: public; Owner: postgres; Tablespace: 
--

ALTER TABLE ONLY uthbaldata
    ADD CONSTRAINT uthbaldata_pkey PRIMARY KEY (uthbaldataid);


--
-- TOC entry 4018 (class 2606 OID 18770)
-- Name: uthbaldatatype_name_key; Type: CONSTRAINT; Schema: public; Owner: postgres; Tablespace: 
--

ALTER TABLE ONLY uthbaldatatype
    ADD CONSTRAINT uthbaldatatype_name_key UNIQUE (name);


--
-- TOC entry 4020 (class 2606 OID 18772)
-- Name: uthbaldatatype_pkey; Type: CONSTRAINT; Schema: public; Owner: postgres; Tablespace: 
--

ALTER TABLE ONLY uthbaldatatype
    ADD CONSTRAINT uthbaldatatype_pkey PRIMARY KEY (uthbaldatatypeid);


--
-- TOC entry 4022 (class 2606 OID 18774)
-- Name: validproceduretime_pkey; Type: CONSTRAINT; Schema: public; Owner: postgres; Tablespace: 
--

ALTER TABLE ONLY validproceduretime
    ADD CONSTRAINT validproceduretime_pkey PRIMARY KEY (validproceduretimeid);


--
-- TOC entry 4013 (class 1259 OID 18775)
-- Name: indx_uthbaldata; Type: INDEX; Schema: public; Owner: postgres; Tablespace: 
--

CREATE INDEX indx_uthbaldata ON uthbaldata USING btree (uthbaldataid);


--
-- TOC entry 4016 (class 1259 OID 18776)
-- Name: indx_uthbaldatatype; Type: INDEX; Schema: public; Owner: postgres; Tablespace: 
--

CREATE INDEX indx_uthbaldatatype ON uthbaldatatype USING btree (uthbaldatatypeid);


--
-- TOC entry 3931 (class 1259 OID 18777)
-- Name: obscodespaceidx; Type: INDEX; Schema: public; Owner: postgres; Tablespace: 
--

CREATE INDEX obscodespaceidx ON observation USING btree (codespaceid);


--
-- TOC entry 3942 (class 1259 OID 18778)
-- Name: obsconstobspropidx; Type: INDEX; Schema: public; Owner: postgres; Tablespace: 
--

CREATE INDEX obsconstobspropidx ON observationconstellation USING btree (observablepropertyid);


--
-- TOC entry 3943 (class 1259 OID 18779)
-- Name: obsconstofferingidx; Type: INDEX; Schema: public; Owner: postgres; Tablespace: 
--

CREATE INDEX obsconstofferingidx ON observationconstellation USING btree (offeringid);


--
-- TOC entry 3944 (class 1259 OID 18780)
-- Name: obsconstprocedureidx; Type: INDEX; Schema: public; Owner: postgres; Tablespace: 
--

CREATE INDEX obsconstprocedureidx ON observationconstellation USING btree (procedureid);


--
-- TOC entry 3951 (class 1259 OID 18781)
-- Name: obshasoffobservationidx; Type: INDEX; Schema: public; Owner: postgres; Tablespace: 
--

CREATE INDEX obshasoffobservationidx ON observationhasoffering USING btree (observationid);


--
-- TOC entry 3952 (class 1259 OID 18782)
-- Name: obshasoffofferingidx; Type: INDEX; Schema: public; Owner: postgres; Tablespace: 
--

CREATE INDEX obshasoffofferingidx ON observationhasoffering USING btree (offeringid);


--
-- TOC entry 3938 (class 1259 OID 18783)
-- Name: obsphentimeendidx; Type: INDEX; Schema: public; Owner: postgres; Tablespace: 
--

CREATE INDEX obsphentimeendidx ON observation USING btree (phenomenontimeend);


--
-- TOC entry 3939 (class 1259 OID 18784)
-- Name: obsphentimestartidx; Type: INDEX; Schema: public; Owner: postgres; Tablespace: 
--

CREATE INDEX obsphentimestartidx ON observation USING btree (phenomenontimestart);


--
-- TOC entry 3940 (class 1259 OID 18785)
-- Name: obsresulttimeidx; Type: INDEX; Schema: public; Owner: postgres; Tablespace: 
--

CREATE INDEX obsresulttimeidx ON observation USING btree (resulttime);


--
-- TOC entry 3941 (class 1259 OID 18786)
-- Name: obsseriesidx; Type: INDEX; Schema: public; Owner: postgres; Tablespace: 
--

CREATE INDEX obsseriesidx ON observation USING btree (seriesid);


--
-- TOC entry 3983 (class 1259 OID 18787)
-- Name: resulttempeobspropidx; Type: INDEX; Schema: public; Owner: postgres; Tablespace: 
--

CREATE INDEX resulttempeobspropidx ON resulttemplate USING btree (observablepropertyid);


--
-- TOC entry 3984 (class 1259 OID 18788)
-- Name: resulttempidentifieridx; Type: INDEX; Schema: public; Owner: postgres; Tablespace: 
--

CREATE INDEX resulttempidentifieridx ON resulttemplate USING btree (identifier);


--
-- TOC entry 3987 (class 1259 OID 18789)
-- Name: resulttempofferingidx; Type: INDEX; Schema: public; Owner: postgres; Tablespace: 
--

CREATE INDEX resulttempofferingidx ON resulttemplate USING btree (offeringid);


--
-- TOC entry 3988 (class 1259 OID 18790)
-- Name: resulttempprocedureidx; Type: INDEX; Schema: public; Owner: postgres; Tablespace: 
--

CREATE INDEX resulttempprocedureidx ON resulttemplate USING btree (procedureid);


--
-- TOC entry 3995 (class 1259 OID 18791)
-- Name: seriesfeatureidx; Type: INDEX; Schema: public; Owner: postgres; Tablespace: 
--

CREATE INDEX seriesfeatureidx ON series USING btree (featureofinterestid);


--
-- TOC entry 3996 (class 1259 OID 18792)
-- Name: seriesobspropidx; Type: INDEX; Schema: public; Owner: postgres; Tablespace: 
--

CREATE INDEX seriesobspropidx ON series USING btree (observablepropertyid);


--
-- TOC entry 3997 (class 1259 OID 18793)
-- Name: seriesprocedureidx; Type: INDEX; Schema: public; Owner: postgres; Tablespace: 
--

CREATE INDEX seriesprocedureidx ON series USING btree (procedureid);


--
-- TOC entry 3998 (class 1259 OID 18794)
-- Name: sfpobservationidx; Type: INDEX; Schema: public; Owner: postgres; Tablespace: 
--

CREATE INDEX sfpobservationidx ON spatialfilteringprofile USING btree (observation);


--
-- TOC entry 4023 (class 1259 OID 18795)
-- Name: validproceduretimeendtimeidx; Type: INDEX; Schema: public; Owner: postgres; Tablespace: 
--

CREATE INDEX validproceduretimeendtimeidx ON validproceduretime USING btree (endtime);


--
-- TOC entry 4024 (class 1259 OID 18796)
-- Name: validproceduretimestarttimeidx; Type: INDEX; Schema: public; Owner: postgres; Tablespace: 
--

CREATE INDEX validproceduretimestarttimeidx ON validproceduretime USING btree (starttime);


--
-- TOC entry 4038 (class 2606 OID 27917)
-- Name: childfeatureid; Type: FK CONSTRAINT; Schema: public; Owner: postgres
--

ALTER TABLE ONLY featurerelation
    ADD CONSTRAINT childfeatureid FOREIGN KEY (childfeatureid) REFERENCES featureofinterest(featureofinterestid);


--
-- TOC entry 4034 (class 2606 OID 18797)
-- Name: featurecodespacefk; Type: FK CONSTRAINT; Schema: public; Owner: postgres
--

ALTER TABLE ONLY featureofinterest
    ADD CONSTRAINT featurecodespacefk FOREIGN KEY (codespaceid) REFERENCES codespace(codespaceid);


--
-- TOC entry 4035 (class 2606 OID 18802)
-- Name: featurefeaturetypefk; Type: FK CONSTRAINT; Schema: public; Owner: postgres
--

ALTER TABLE ONLY featureofinterest
    ADD CONSTRAINT featurefeaturetypefk FOREIGN KEY (featureofinteresttypeid) REFERENCES featureofinteresttype(featureofinteresttypeid);


--
-- TOC entry 4037 (class 2606 OID 52503)
-- Name: featureofinterest_parentid_fkey; Type: FK CONSTRAINT; Schema: public; Owner: postgres
--

ALTER TABLE ONLY featureofinterest
    ADD CONSTRAINT featureofinterest_parentid_fkey FOREIGN KEY (parentid) REFERENCES featureofinterest(featureofinterestid);


--
-- TOC entry 4050 (class 2606 OID 36099)
-- Name: featureofinterestid; Type: FK CONSTRAINT; Schema: public; Owner: postgres
--

ALTER TABLE ONLY hasfeatures
    ADD CONSTRAINT featureofinterestid FOREIGN KEY (featureofinterestid) REFERENCES featureofinterest(featureofinterestid);


--
-- TOC entry 4048 (class 2606 OID 18817)
-- Name: fk1_user_role; Type: FK CONSTRAINT; Schema: public; Owner: postgres
--

ALTER TABLE ONLY users
    ADD CONSTRAINT fk1_user_role FOREIGN KEY (user_role_id) REFERENCES user_role(user_role_id) ON UPDATE CASCADE ON DELETE CASCADE;


--
-- TOC entry 4045 (class 2606 OID 18822)
-- Name: fk28e66a64e4ef3005; Type: FK CONSTRAINT; Schema: public; Owner: postgres
--

ALTER TABLE ONLY offeringallowedobservationtype
    ADD CONSTRAINT fk28e66a64e4ef3005 FOREIGN KEY (offeringid) REFERENCES offering(offeringid);


--
-- TOC entry 4046 (class 2606 OID 18827)
-- Name: fk5643e7654a79987; Type: FK CONSTRAINT; Schema: public; Owner: postgres
--

ALTER TABLE ONLY relatedfeaturehasrole
    ADD CONSTRAINT fk5643e7654a79987 FOREIGN KEY (relatedfeatureid) REFERENCES relatedfeature(relatedfeatureid);


--
-- TOC entry 4043 (class 2606 OID 18832)
-- Name: fk7d7608f4e759db68; Type: FK CONSTRAINT; Schema: public; Owner: postgres
--

ALTER TABLE ONLY observationhasoffering
    ADD CONSTRAINT fk7d7608f4e759db68 FOREIGN KEY (observationid) REFERENCES observation(observationid);


--
-- TOC entry 4047 (class 2606 OID 52498)
-- Name: fk_users_userprofile; Type: FK CONSTRAINT; Schema: public; Owner: postgres
--

ALTER TABLE ONLY users
    ADD CONSTRAINT fk_users_userprofile FOREIGN KEY (user_id) REFERENCES userprofile(user_id) ON DELETE CASCADE;


--
-- TOC entry 4049 (class 2606 OID 18837)
-- Name: fk_uthbaldata_uthbaldatatype; Type: FK CONSTRAINT; Schema: public; Owner: postgres
--

ALTER TABLE ONLY uthbaldata
    ADD CONSTRAINT fk_uthbaldata_uthbaldatatype FOREIGN KEY (uthbaldatatypeid) REFERENCES uthbaldatatype(uthbaldatatypeid) ON DELETE CASCADE;


--
-- TOC entry 4044 (class 2606 OID 18842)
-- Name: fkf68cb72ee4ef3005; Type: FK CONSTRAINT; Schema: public; Owner: postgres
--

ALTER TABLE ONLY offeringallowedfeaturetype
    ADD CONSTRAINT fkf68cb72ee4ef3005 FOREIGN KEY (offeringid) REFERENCES offering(offeringid);


--
-- TOC entry 4042 (class 2606 OID 18847)
-- Name: obsconstobservationiypefk; Type: FK CONSTRAINT; Schema: public; Owner: postgres
--

ALTER TABLE ONLY observationconstellation
    ADD CONSTRAINT obsconstobservationiypefk FOREIGN KEY (observationtypeid) REFERENCES observationtype(observationtypeid);


--
-- TOC entry 4041 (class 2606 OID 18852)
-- Name: obsconstobspropfk; Type: FK CONSTRAINT; Schema: public; Owner: postgres
--

ALTER TABLE ONLY observationconstellation
    ADD CONSTRAINT obsconstobspropfk FOREIGN KEY (observablepropertyid) REFERENCES observableproperty(observablepropertyid);


--
-- TOC entry 4040 (class 2606 OID 18857)
-- Name: obsconstofferingfk; Type: FK CONSTRAINT; Schema: public; Owner: postgres
--

ALTER TABLE ONLY observationconstellation
    ADD CONSTRAINT obsconstofferingfk FOREIGN KEY (offeringid) REFERENCES offering(offeringid);


--
-- TOC entry 4033 (class 2606 OID 18862)
-- Name: observablepropertychildfk; Type: FK CONSTRAINT; Schema: public; Owner: postgres
--

ALTER TABLE ONLY compositephenomenon
    ADD CONSTRAINT observablepropertychildfk FOREIGN KEY (childobservablepropertyid) REFERENCES observableproperty(observablepropertyid);


--
-- TOC entry 4032 (class 2606 OID 18867)
-- Name: observablepropertyparentfk; Type: FK CONSTRAINT; Schema: public; Owner: postgres
--

ALTER TABLE ONLY compositephenomenon
    ADD CONSTRAINT observablepropertyparentfk FOREIGN KEY (parentobservablepropertyid) REFERENCES observableproperty(observablepropertyid);


--
-- TOC entry 4031 (class 2606 OID 18872)
-- Name: observationblobvaluefk; Type: FK CONSTRAINT; Schema: public; Owner: postgres
--

ALTER TABLE ONLY blobvalue
    ADD CONSTRAINT observationblobvaluefk FOREIGN KEY (observationid) REFERENCES observation(observationid);


--
-- TOC entry 4039 (class 2606 OID 27912)
-- Name: parentfeatureid; Type: FK CONSTRAINT; Schema: public; Owner: postgres
--

ALTER TABLE ONLY featurerelation
    ADD CONSTRAINT parentfeatureid FOREIGN KEY (parentfeatureid) REFERENCES featureofinterest(featureofinterestid);


--
-- TOC entry 4051 (class 2606 OID 36094)
-- Name: user_id; Type: FK CONSTRAINT; Schema: public; Owner: postgres
--

ALTER TABLE ONLY hasfeatures
    ADD CONSTRAINT user_id FOREIGN KEY (user_id) REFERENCES users(user_id);


--
-- TOC entry 4036 (class 2606 OID 36104)
-- Name: userid; Type: FK CONSTRAINT; Schema: public; Owner: postgres
--

ALTER TABLE ONLY featureofinterest
    ADD CONSTRAINT userid FOREIGN KEY (userid) REFERENCES users(user_id);


--
-- TOC entry 4237 (class 0 OID 0)
-- Dependencies: 13
-- Name: public; Type: ACL; Schema: -; Owner: postgres
--

REVOKE ALL ON SCHEMA public FROM PUBLIC;
REVOKE ALL ON SCHEMA public FROM postgres;
GRANT ALL ON SCHEMA public TO postgres;
GRANT ALL ON SCHEMA public TO PUBLIC;


-- Completed on 2016-07-05 16:21:15

--
-- PostgreSQL database dump complete
--

